row,col,ACTA1,ACTA2,KRT5
0,0,0,0,0
1,0,0,0,0
2,0,0,0,0
3,0,0,0,0
4,0,0,0,0
5,0,0,0,0
6,0,0,0,0
7,0,0,0,0
8,0,0,0,0
9,0,0,0,0
10,0,0,0,0
11,0,0,0,0
12,0,0,0,0
13,0,0,0,0
14,0,0,0,0
15,0,0,0,0
16,0,0,0,0
17,0,0,0,0
18,0,0,0,0
19,0,0,0,0
20,0,0,0,0
21,0,0,0,0
22,0,0,0,0
23,0,0,0,0
24,0,0,0,0
25,0,0,0,0
26,0,0,0,0
27,0,0,0,0
28,0,0,0,0
29,0,0,0,0
30,0,0,0,0
31,0,0,0,0
32,0,0,0,0
33,0,0,0,0
34,0,0,0,0
35,0,0,0,0
36,0,0,0,0
37,0,0,0,0
38,0,0,0,0
39,0,0,0,0
40,0,0,0,0
41,0,0,0,0
42,0,0,0,0
43,0,0,0,0
44,0,0,0,0
45,0,0,0,0
46,0,0,0,0
47,0,0,0,0
48,0,0,0,0
49,0,0,0,0
50,0,0,0,0
51,0,0,0,0
52,0,0,0,0
53,0,0,0,0
54,0,0,0,0
55,0,0,0,0
56,0,0,0,0
57,0,0,0,0
58,0,0,0,0
59,0,0,0,0
60,0,0,0,0
61,0,0,0,0
62,0,0,0,0
63,0,0,0,0
0,1,0,0,0
1,1,0,0,0
2,1,0,0,0
3,1,0,0,0
4,1,0,0,0
5,1,0,0,0
6,1,0,0,0
7,1,0,0,0
8,1,0,0,0
9,1,0,0,0
10,1,0,0,0
11,1,0,0,0
12,1,0,0,0
13,1,0,0,0
14,1,0,0,0
15,1,0,0,0
16,1,0,0,0
17,1,0,0,0
18,1,0,0,0
19,1,0,0,0
20,1,0,0,0
21,1,0,0,0
22,1,0,0,0
23,1,0,0,0
24,1,0,0,0
25,1,0,0,0
26,1,0,0,0
27,1,0,0,0
28,1,0,0,0
29,1,0,0,0
30,1,0,0,0
31,1,0,0,0
32,1,0,0,0
33,1,0,0,0
34,1,0,0,0
35,1,0,0,0
36,1,0,0,0
37,1,0,0,0
38,1,0,0,0
39,1,0,0,0
40,1,0,0,0
41,1,0,0,0
42,1,0,0,0
43,1,0,0,0
44,1,0,0,0
45,1,0,0,0
46,1,0,0,0
47,1,0,0,0
48,1,0,0,0
49,1,0,0,0
50,1,0,0,0
51,1,0,0,0
52,1,0,0,0
53,1,0,0,0
54,1,0,0,0
55,1,0,0,0
56,1,0,0,0
57,1,0,0,0
58,1,0,0,0
59,1,0,0,0
60,1,0,0,0
61,1,0,0,0
62,1,0,0,0
63,1,0,0,0
0,2,0,0,0
1,2,0,0,0
2,2,0,0,0
3,2,0,0,0
4,2,0,0,0
5,2,0,0,0
6,2,0,0,0
7,2,0,0,0
8,2,0,0,0
9,2,0,0,0
10,2,0,0,0
11,2,0,0,0
12,2,0,0,0
13,2,0,0,0
14,2,0,0,0
15,2,0,0,0
16,2,0,0,0
17,2,0,0,0
18,2,0,0,0
19,2,0,0,0
20,2,0,0,0
21,2,0,0,0
22,2,0,0,0
23,2,0,0,0
24,2,0,0,0
25,2,0,0,0
26,2,0,0,0
27,2,0,0,0
28,2,0,0,0
29,2,0,0,0
30,2,2.302585093,0,1.098612289
31,2,0,0,0
32,2,0,0,0
33,2,0,0,0
34,2,0,0,0
35,2,0,0,0
36,2,0,0,0
37,2,0,0,0
38,2,0,0,0
39,2,0,0,0
40,2,0,0,0
41,2,0,0,0
42,2,0,0,0
43,2,0,0,0
44,2,0,0,0
45,2,0,0,0
46,2,0,0,0
47,2,0,0,0
48,2,0,0,0
49,2,0,0,0
50,2,0,0,0
51,2,0,0,0
52,2,0,0,0
53,2,0,0,0
54,2,0,0,0
55,2,0,0,0
56,2,0,0,0
57,2,0,0,0
58,2,0,0,0
59,2,0,0,0
60,2,0,0,0
61,2,0,0,0
62,2,0,0,0
63,2,0,0,0
0,3,0,0,0
1,3,0,0,0
2,3,0,0,0
3,3,0,0,0
4,3,0,0,0
5,3,0,0,0
6,3,0,0,0
7,3,0,0,0
8,3,0,0,0
9,3,0,0,0
10,3,0,0,0
11,3,0,0,0
12,3,0,0,0
13,3,0,0,0
14,3,0,0,0
15,3,0,0,0
16,3,0,0,0
17,3,0,0,0
18,3,0,0,0
19,3,0,0,0
20,3,0,0,0
21,3,0,0,0
22,3,2.63905733,0,1.386294361
23,3,0,0,0
24,3,0,0,0
25,3,0,0,0
26,3,0,0,0
27,3,0,0,0
28,3,0,0,0
29,3,0,0,0
30,3,0,0,0
31,3,0,0,0
32,3,0,0,0
33,3,0,0,0
34,3,0,0,0
35,3,0,0,0
36,3,0,0,0
37,3,0,0,0
38,3,0,0,0
39,3,0,0,0
40,3,0,0,0
41,3,0,0,0
42,3,0,0,0
43,3,0,0,0
44,3,0,0,0
45,3,3.401197382,0,0
46,3,0,0,0
47,3,0,0,0
48,3,0,0,0
49,3,0,0,0
50,3,0,0,0
51,3,0,0,0
52,3,0,0,0
53,3,0,0,0
54,3,0,0,0
55,3,0,0,0
56,3,0,0,0
57,3,0,0,0
58,3,0,0,0
59,3,0,0,0
60,3,0,0,0
61,3,0,0,0
62,3,0,0,0
63,3,0,0,0
0,4,0,0,0
1,4,0,0,0
2,4,0,0,0
3,4,0,0,0
4,4,0,0,0
5,4,0,0,0
6,4,0,0,0
7,4,0,0,0
8,4,0,0,0
9,4,0,0,0
10,4,0,0,0
11,4,0,0,0
12,4,0,0,0
13,4,0,0,0
14,4,0,0,0
15,4,0,0,0
16,4,0,0,0
17,4,0,0,0
18,4,0,0,0
19,4,0,0,0
20,4,0,0,0
21,4,0,0,0
22,4,0,0,0
23,4,0,0,0
24,4,0,0,0
25,4,0,0,0
26,4,0,0,0
27,4,0,0,0
28,4,0,0,0
29,4,0,0,0
30,4,0,0,0
31,4,0,0,0
32,4,0,0,0
33,4,0,0,0
34,4,0,0,0
35,4,0,0,0
36,4,0,0,0
37,4,0,0,0
38,4,0,0,0
39,4,0,0,0
40,4,0,0,0
41,4,0,0,0
42,4,0,0,0
43,4,0,0,0
44,4,0,0,0
45,4,0,0,0
46,4,0,0,0
47,4,0,0,0
48,4,0,0,0
49,4,0,0,0
50,4,0,0,0
51,4,0,0,0
52,4,0,0,0
53,4,0,0,0
54,4,0,0,0
55,4,0,0,0
56,4,0,0,0
57,4,0,0,0
58,4,0,0,0
59,4,0,0,0
60,4,0,0,0
61,4,0,0,0
62,4,0,0,0
63,4,0,0,0
0,5,0,0,0
1,5,0,0,0
2,5,0,0,0
3,5,0,0,0
4,5,0,0,0
5,5,0,0,0
6,5,0,0,0
7,5,0,0,0
8,5,0,0,0
9,5,0,0,0
10,5,0,0,0
11,5,0,0,0
12,5,0,0,0
13,5,0,0,0
14,5,0,0,0
15,5,0,0,0
16,5,0,0,0
17,5,0,0,0
18,5,0,0,0
19,5,3.135494216,1.098612289,0
20,5,0,0,0
21,5,0,0,0
22,5,0,0,0
23,5,2.63905733,0,1.098612289
24,5,0,0,0
25,5,2.63905733,1.386294361,1.791759469
26,5,2.833213344,1.386294361,1.609437912
27,5,2.48490665,1.386294361,1.609437912
28,5,1.609437912,0,1.791759469
29,5,2.995732274,0.693147181,1.386294361
30,5,2.63905733,0,0.693147181
31,5,2.079441542,1.098612289,2.079441542
32,5,2.302585093,0.693147181,0.693147181
33,5,2.944438979,0,1.609437912
34,5,2.564949357,0.693147181,1.609437912
35,5,2.890371758,0,1.609437912
36,5,2.48490665,0,2.397895273
37,5,1.791759469,0.693147181,1.386294361
38,5,2.397895273,0.693147181,2.079441542
39,5,0,0,0
40,5,0,0,0
41,5,0,0,0
42,5,0,0,0
43,5,0,0,0
44,5,0,0,0
45,5,0,0,0
46,5,0,0,0
47,5,0,0,0
48,5,0,0,0
49,5,0,0,0
50,5,0,0,0
51,5,0,0,0
52,5,0,0,0
53,5,0,0,0
54,5,0,0,0
55,5,0,0,0
56,5,2.708050201,1.098612289,0
57,5,0,0,0
58,5,0,0,0
59,5,0,0,0
60,5,0,0,0
61,5,0,0,0
62,5,0,0,0
63,5,0,0,0
0,6,0,0,0
1,6,0,0,0
2,6,0,0,0
3,6,0,0,0
4,6,0,0,0
5,6,0,0,0
6,6,0,0,0
7,6,0,0,0
8,6,0,0,0
9,6,0,0,0
10,6,0,0,0
11,6,0,0,0
12,6,0,0,0
13,6,0,0,0
14,6,0,0,0
15,6,0,0,0
16,6,0,0,0
17,6,0,0,0
18,6,0,0,0
19,6,0,0,0
20,6,0,0,0
21,6,2.995732274,1.098612289,0.693147181
22,6,2.944438979,0.693147181,0.693147181
23,6,3.610917913,0.693147181,1.098612289
24,6,3.496507561,0,1.098612289
25,6,3.33220451,0,1.098612289
26,6,3.135494216,0,1.098612289
27,6,3.135494216,0,0.693147181
28,6,3.218875825,0,1.386294361
29,6,3.36729583,0,0
30,6,3.17805383,0,1.098612289
31,6,0,0,0
32,6,3.17805383,0,0.693147181
33,6,3.401197382,0.693147181,0.693147181
34,6,3.17805383,0,0.693147181
35,6,3.218875825,0.693147181,1.098612289
36,6,2.944438979,0.693147181,2.079441542
37,6,2.833213344,0,0
38,6,0,0,0
39,6,0,0,0
40,6,2.564949357,0,1.098612289
41,6,2.397895273,0,0
42,6,0,0,0
43,6,0,0,0
44,6,0,0,0
45,6,0,0,0
46,6,0,0,0
47,6,0,0,0
48,6,0,0,0
49,6,0,0,0
50,6,0,0,0
51,6,0,0,0
52,6,0,0,0
53,6,0,0,0
54,6,0,0,0
55,6,0,0,0
56,6,0,0,0
57,6,0,0,0
58,6,0,0,0
59,6,0,0,0
60,6,0,0,0
61,6,0,0,0
62,6,0,0,0
63,6,0,0,0
0,7,0,0,0
1,7,0,0,0
2,7,0,0,0
3,7,0,0,0
4,7,0,0,0
5,7,0,0,0
6,7,0,0,0
7,7,0,0,0
8,7,0,0,0
9,7,0,0,0
10,7,0,0,0
11,7,0,0,0
12,7,0,0,0
13,7,3.295836866,0,0
14,7,0,0,0
15,7,0,0,0
16,7,0,0,0
17,7,0,0,0
18,7,0,0,0
19,7,0,0,0
20,7,3.258096538,1.098612289,1.098612289
21,7,3.713572067,0,0.693147181
22,7,3.761200116,0,0.693147181
23,7,3.465735903,0,0.693147181
24,7,3.850147602,0,0
25,7,4.189654742,0,1.098612289
26,7,3.258096538,0,1.609437912
27,7,3.465735903,0,0
28,7,3.63758616,0,1.098612289
29,7,3.80666249,0,0
30,7,3.295836866,0,0
31,7,3.044522438,2.397895273,0
32,7,3.663561646,0.693147181,1.609437912
33,7,3.610917913,0,0.693147181
34,7,3.912023005,0,0
35,7,4.143134726,0.693147181,0
36,7,0,0,0
37,7,3.258096538,0.693147181,0.693147181
38,7,2.63905733,1.098612289,1.386294361
39,7,3.17805383,0,0
40,7,0,0,0
41,7,2.944438979,0,1.386294361
42,7,2.397895273,1.386294361,0.693147181
43,7,2.63905733,0,0.693147181
44,7,0,0,0
45,7,0,0,0
46,7,0,0,0
47,7,0,0,0
48,7,0,0,0
49,7,0,0,0
50,7,0,0,0
51,7,0,0,0
52,7,0,0,0
53,7,0,0,0
54,7,0,0,0
55,7,0,0,0
56,7,0,0,0
57,7,0,0,0
58,7,0,0,0
59,7,0,0,0
60,7,0,0,0
61,7,0,0,0
62,7,0,0,0
63,7,0,0,0
0,8,0,0,0
1,8,0,0,0
2,8,0,0,0
3,8,0,0,0
4,8,0,0,0
5,8,0,0,0
6,8,0,0,0
7,8,0,0,0
8,8,0,0,0
9,8,0,0,0
10,8,0,0,0
11,8,0,0,0
12,8,0,0,0
13,8,0,0,0
14,8,2.708050201,0,0.693147181
15,8,0,0,0
16,8,0,0,0
17,8,3.63758616,0,0
18,8,3.610917913,0,0.693147181
19,8,4.143134726,0,0.693147181
20,8,3.970291914,0,0.693147181
21,8,4.127134385,0,0
22,8,3.737669618,0,0
23,8,3.688879454,0,0
24,8,4.007333185,0,0
25,8,2.944438979,0.693147181,0
26,8,3.135494216,0.693147181,0.693147181
27,8,3.784189634,0,0
28,8,4.143134726,0,0
29,8,3.784189634,0.693147181,0
30,8,3.688879454,0.693147181,0.693147181
31,8,3.871201011,0,0
32,8,4.077537444,0,1.609437912
33,8,3.951243719,0,0
34,8,3.663561646,0,0.693147181
35,8,3.988984047,0.693147181,0.693147181
36,8,3.555348061,0,0.693147181
37,8,4.077537444,0,1.098612289
38,8,3.761200116,1.098612289,1.098612289
39,8,3.713572067,1.098612289,0
40,8,3.091042453,0,0
41,8,3.135494216,0.693147181,1.386294361
42,8,3.17805383,1.386294361,0.693147181
43,8,2.302585093,1.945910149,0
44,8,0,0,0
45,8,0,0,0
46,8,0,0,0
47,8,0,0,0
48,8,0,0,0
49,8,0,0,0
50,8,0,0,0
51,8,0,0,0
52,8,0,0,0
53,8,0,0,0
54,8,0,0,0
55,8,0,0,0
56,8,0,0,0
57,8,0,0,0
58,8,0,0,0
59,8,0,0,0
60,8,0,0,0
61,8,0,0,0
62,8,0,0,0
63,8,0,0,0
0,9,0,0,0
1,9,0,0,0
2,9,0,0,0
3,9,0,0,0
4,9,0,0,0
5,9,0,0,0
6,9,0,0,0
7,9,0,0,0
8,9,0,0,0
9,9,0,0,0
10,9,0,0,0
11,9,0,0,0
12,9,0,0,0
13,9,0,0,0
14,9,0,0,0
15,9,3.218875825,0,0.693147181
16,9,3.258096538,0,0
17,9,4.248495242,0,0
18,9,3.850147602,0,0
19,9,3.526360525,0.693147181,0
20,9,2.63905733,1.609437912,0
21,9,3.555348061,0,0
22,9,3.433987204,0,0
23,9,3.465735903,0,0
24,9,2.995732274,0,0.693147181
25,9,3.295836866,0,0.693147181
26,9,2.995732274,0,0
27,9,3.931825633,0.693147181,0
28,9,3.663561646,0,0
29,9,3.737669618,0,0
30,9,4.143134726,0,0
31,9,2.197224577,1.386294361,1.386294361
32,9,3.496507561,0,0
33,9,1.609437912,0.693147181,0.693147181
34,9,3.36729583,0.693147181,0
35,9,3.761200116,0,0.693147181
36,9,3.496507561,0.693147181,1.386294361
37,9,3.258096538,1.386294361,0
38,9,3.63758616,1.098612289,0
39,9,3.36729583,2.197224577,0
40,9,3.555348061,1.098612289,0
41,9,3.951243719,0,0
42,9,0,0,0
43,9,3.610917913,1.098612289,0.693147181
44,9,0,0,0
45,9,2.302585093,2.079441542,0
46,9,2.564949357,2.302585093,0
47,9,1.609437912,2.302585093,0
48,9,1.791759469,2.772588722,0.693147181
49,9,0,0,0
50,9,0,0,0
51,9,0,0,0
52,9,0,0,0
53,9,0,0,0
54,9,0,0,0
55,9,0,0,0
56,9,0,0,0
57,9,0,0,0
58,9,0,0,0
59,9,0,0,0
60,9,0,0,0
61,9,0,0,0
62,9,0,0,0
63,9,0,0,0
0,10,0,0,0
1,10,0,0,0
2,10,0,0,0
3,10,0,0,0
4,10,0,0,0
5,10,0,0,0
6,10,0,0,0
7,10,0,0,0
8,10,0,0,0
9,10,0,0,0
10,10,0,0,0
11,10,0,0,0
12,10,0,0,0
13,10,3.784189634,0,0.693147181
14,10,3.828641396,0,0
15,10,4.219507705,0,0.693147181
16,10,4.356708827,0,0
17,10,3.988984047,0.693147181,0.693147181
18,10,2.944438979,0,0
19,10,4.382026635,0.693147181,0.693147181
20,10,3.737669618,0,0
21,10,3.583518938,0.693147181,0.693147181
22,10,3.218875825,0,0
23,10,2.708050201,0,1.098612289
24,10,2.833213344,0.693147181,0.693147181
25,10,2.564949357,1.098612289,1.098612289
26,10,3.044522438,0,0
27,10,2.397895273,1.098612289,0
28,10,2.890371758,0,1.791759469
29,10,3.36729583,0,0
30,10,1.386294361,1.609437912,0.693147181
31,10,3.33220451,0,1.098612289
32,10,3.465735903,1.098612289,0
33,10,3.17805383,0,0
34,10,3.850147602,0,0.693147181
35,10,3.433987204,0.693147181,0
36,10,2.708050201,1.609437912,0
37,10,3.465735903,0,0
38,10,3.555348061,1.098612289,0
39,10,3.36729583,0.693147181,0.693147181
40,10,4.17438727,0,0
41,10,4.418840608,0,0.693147181
42,10,4.48863637,0.693147181,0.693147181
43,10,4.127134385,1.386294361,0
44,10,2.772588722,1.098612289,0
45,10,2.944438979,2.48490665,0
46,10,2.48490665,2.197224577,0.693147181
47,10,1.791759469,1.609437912,0
48,10,1.609437912,1.386294361,0.693147181
49,10,2.995732274,1.791759469,0
50,10,0,0,0
51,10,0,0,0
52,10,0,0,0
53,10,0,0,0
54,10,0,0,0
55,10,0,0,0
56,10,0,0,0
57,10,0,0,0
58,10,0,0,0
59,10,0,0,0
60,10,0,0,0
61,10,0,0,0
62,10,0,0,0
63,10,0,0,0
0,11,0,0,0
1,11,0,0,0
2,11,0,0,0
3,11,0,0,0
4,11,0,0,0
5,11,0,0,0
6,11,0,0,0
7,11,0,0,0
8,11,0,0,0
9,11,0,0,0
10,11,0,0,0
11,11,2.995732274,0,1.098612289
12,11,3.663561646,0,0.693147181
13,11,4.343805422,0,0.693147181
14,11,4.394449155,0,0
15,11,4.543294782,0,0
16,11,3.784189634,0,0
17,11,3.688879454,1.098612289,0
18,11,4.852030264,0,0.693147181
19,11,3.401197382,0.693147181,0.693147181
20,11,3.63758616,0,0.693147181
21,11,2.890371758,0,0.693147181
22,11,3.044522438,0.693147181,0.693147181
23,11,2.833213344,0.693147181,0
24,11,2.48490665,0.693147181,0
25,11,1.386294361,1.945910149,0.693147181
26,11,1.791759469,0.693147181,0
27,11,2.079441542,0,0
28,11,3.610917913,1.098612289,0
29,11,2.944438979,0,0
30,11,1.945910149,0,0
31,11,2.833213344,0,0
32,11,2.079441542,0,0
33,11,2.302585093,0.693147181,0
34,11,3.850147602,0,0
35,11,2.833213344,1.609437912,0
36,11,3.663561646,0,0
37,11,2.772588722,1.098612289,0
38,11,3.218875825,0,1.098612289
39,11,2.995732274,1.386294361,0.693147181
40,11,3.828641396,1.098612289,0
41,11,3.583518938,0,0
42,11,3.63758616,0,0
43,11,1.609437912,0,0
44,11,1.945910149,2.302585093,0
45,11,1.945910149,1.386294361,0
46,11,2.397895273,1.791759469,1.791759469
47,11,1.791759469,1.791759469,0
48,11,2.302585093,1.791759469,0
49,11,2.197224577,1.609437912,0
50,11,0,0,0
51,11,2.833213344,0.693147181,0
52,11,0,0,0
53,11,0,0,0
54,11,0,0,0
55,11,0,0,0
56,11,0,0,0
57,11,0,0,0
58,11,0,0,0
59,11,0,0,0
60,11,0,0,0
61,11,0,0,0
62,11,0,0,0
63,11,0,0,0
0,12,0,0,0
1,12,0,0,0
2,12,0,0,0
3,12,0,0,0
4,12,0,0,0
5,12,0,0,0
6,12,0,0,0
7,12,0,0,0
8,12,0,0,0
9,12,0,0,0
10,12,0,0,0
11,12,3.688879454,0,0.693147181
12,12,4.96284463,0.693147181,0
13,12,4.043051268,0.693147181,0
14,12,3.583518938,0,0
15,12,3.80666249,0.693147181,0
16,12,3.737669618,0,0
17,12,3.737669618,0.693147181,0
18,12,3.761200116,0,0.693147181
19,12,2.772588722,2.302585093,0.693147181
20,12,2.833213344,0.693147181,0
21,12,3.091042453,0.693147181,0
22,12,2.63905733,1.098612289,1.098612289
23,12,2.302585093,1.098612289,0
24,12,1.609437912,1.609437912,0
25,12,3.091042453,1.098612289,0.693147181
26,12,2.564949357,1.386294361,1.386294361
27,12,3.044522438,0.693147181,1.609437912
28,12,3.17805383,1.098612289,0
29,12,2.708050201,0.693147181,0
30,12,3.135494216,0,0
31,12,2.63905733,1.098612289,1.098612289
32,12,2.890371758,0,0.693147181
33,12,2.772588722,0,0.693147181
34,12,1.386294361,0,0
35,12,3.17805383,1.609437912,1.386294361
36,12,2.833213344,0,0.693147181
37,12,0.693147181,1.791759469,0
38,12,1.609437912,1.098612289,0.693147181
39,12,1.098612289,0,0.693147181
40,12,3.555348061,0,0
41,12,2.944438979,2.302585093,0
42,12,3.33220451,1.386294361,0
43,12,3.583518938,1.098612289,0
44,12,2.63905733,2.63905733,0
45,12,3.218875825,2.079441542,0
46,12,3.713572067,1.791759469,0
47,12,3.526360525,1.791759469,0
48,12,3.931825633,0,0
49,12,4.007333185,1.609437912,0
50,12,2.772588722,2.302585093,0
51,12,2.397895273,1.609437912,0
52,12,3.091042453,0,0
53,12,2.48490665,1.386294361,0
54,12,0,0,0
55,12,0,0,0
56,12,0,0,0
57,12,0,0,0
58,12,0,0,0
59,12,0,0,0
60,12,0,0,0
61,12,0,0,0
62,12,0,0,0
63,12,0,0,0
0,13,0,0,0
1,13,0,0,0
2,13,0,0,0
3,13,0,0,0
4,13,0,0,0
5,13,0,0,0
6,13,0,0,0
7,13,0,0,0
8,13,0,0,0
9,13,3.688879454,0,0
10,13,4.007333185,0.693147181,0
11,13,3.871201011,0,0
12,13,3.761200116,0,0
13,13,3.610917913,0,0
14,13,2.833213344,2.197224577,0
15,13,3.401197382,0.693147181,0
16,13,3.044522438,0.693147181,0
17,13,3.17805383,0.693147181,0.693147181
18,13,3.091042453,0.693147181,0.693147181
19,13,3.931825633,1.098612289,0
20,13,3.17805383,1.386294361,0
21,13,3.17805383,1.098612289,0
22,13,1.098612289,1.609437912,0
23,13,2.397895273,1.098612289,0.693147181
24,13,2.995732274,0.693147181,0.693147181
25,13,3.091042453,0.693147181,1.098612289
26,13,3.091042453,0,0
27,13,3.610917913,0,1.098612289
28,13,3.091042453,1.098612289,1.386294361
29,13,2.890371758,0,0
30,13,3.091042453,0,0
31,13,2.772588722,1.386294361,0
32,13,3.496507561,0,0.693147181
33,13,2.564949357,1.386294361,0.693147181
34,13,2.995732274,0.693147181,1.386294361
35,13,3.218875825,1.098612289,1.386294361
36,13,2.197224577,0.693147181,0.693147181
37,13,3.044522438,1.386294361,0
38,13,2.890371758,1.609437912,0
39,13,1.945910149,1.386294361,0.693147181
40,13,3.737669618,0,0.693147181
41,13,2.397895273,0.693147181,0.693147181
42,13,3.044522438,0.693147181,0.693147181
43,13,3.17805383,0.693147181,0.693147181
44,13,3.465735903,0.693147181,0.693147181
45,13,3.931825633,0,0
46,13,3.496507561,1.098612289,0
47,13,3.80666249,0.693147181,0
48,13,3.912023005,1.098612289,0
49,13,3.970291914,1.098612289,0
50,13,3.850147602,1.386294361,0
51,13,3.433987204,0.693147181,0.693147181
52,13,2.890371758,1.386294361,0.693147181
53,13,2.944438979,0.693147181,0
54,13,0,0,0
55,13,0,0,0
56,13,0,0,0
57,13,0,0,0
58,13,0,0,0
59,13,0,0,0
60,13,0,0,0
61,13,0,0,0
62,13,0,0,0
63,13,0,0,0
0,14,0,0,0
1,14,0,0,0
2,14,0,0,0
3,14,0,0,0
4,14,0,0,0
5,14,0,0,0
6,14,0,0,0
7,14,0,0,0
8,14,3.17805383,0,1.098612289
9,14,4.158883083,0,0
10,14,3.970291914,0,0
11,14,4.418840608,0,0
12,14,3.258096538,0,0
13,14,3.36729583,0,0.693147181
14,14,2.995732274,0,0
15,14,3.401197382,0.693147181,0
16,14,3.295836866,0,0
17,14,3.044522438,1.098612289,0.693147181
18,14,3.33220451,1.609437912,0.693147181
19,14,2.708050201,1.386294361,0.693147181
20,14,3.465735903,0.693147181,1.098612289
21,14,3.295836866,0.693147181,1.098612289
22,14,3.258096538,0,0
23,14,2.833213344,0.693147181,0
24,14,3.63758616,1.386294361,0
25,14,2.48490665,1.386294361,0
26,14,1.791759469,1.098612289,1.098612289
27,14,1.609437912,1.098612289,1.791759469
28,14,1.098612289,1.098612289,0
29,14,1.609437912,2.197224577,1.098612289
30,14,2.833213344,0,1.609437912
31,14,0.693147181,1.098612289,1.386294361
32,14,2.944438979,0.693147181,0
33,14,2.302585093,0.693147181,0.693147181
34,14,3.295836866,0.693147181,0.693147181
35,14,1.791759469,1.609437912,0
36,14,3.912023005,0,0
37,14,2.772588722,0.693147181,0.693147181
38,14,3.496507561,0,0.693147181
39,14,3.091042453,0,0.693147181
40,14,2.995732274,0,0
41,14,1.609437912,1.945910149,0
42,14,4.234106505,0,0
43,14,3.33220451,0,0.693147181
44,14,3.610917913,1.609437912,0
45,14,2.944438979,0,0
46,14,3.891820298,0,0.693147181
47,14,3.258096538,0,0
48,14,3.713572067,0,0
49,14,4.110873864,0,0.693147181
50,14,3.912023005,1.791759469,0.693147181
51,14,3.912023005,0,0.693147181
52,14,3.610917913,0,0
53,14,3.610917913,0.693147181,0
54,14,3.218875825,1.386294361,0
55,14,3.401197382,1.098612289,0.693147181
56,14,0,0,0
57,14,0,0,0
58,14,0,0,0
59,14,0,0,0
60,14,0,0,0
61,14,0,0,0
62,14,0,0,0
63,14,0,0,0
0,15,0,0,0
1,15,0,0,0
2,15,0,0,0
3,15,0,0,0
4,15,0,0,0
5,15,0,0,0
6,15,0,0,0
7,15,3.33220451,0.693147181,0.693147181
8,15,4.094344562,0,0
9,15,4.094344562,0,0
10,15,3.891820298,0,0.693147181
11,15,3.258096538,0.693147181,0
12,15,3.044522438,0,0.693147181
13,15,3.218875825,0,0
14,15,2.833213344,0.693147181,0
15,15,2.944438979,0.693147181,0.693147181
16,15,3.295836866,0.693147181,0
17,15,3.33220451,0,0
18,15,3.988984047,1.609437912,0.693147181
19,15,3.295836866,0,0
20,15,2.564949357,0.693147181,0.693147181
21,15,0.693147181,2.079441542,0
22,15,2.079441542,2.302585093,1.098612289
23,15,2.197224577,2.197224577,0.693147181
24,15,1.791759469,1.386294361,0.693147181
25,15,1.098612289,2.63905733,1.098612289
26,15,1.945910149,1.386294361,1.386294361
27,15,2.302585093,1.386294361,1.098612289
28,15,3.401197382,0,0.693147181
29,15,2.772588722,1.098612289,0
30,15,3.044522438,0.693147181,1.386294361
31,15,1.791759469,0,1.098612289
32,15,2.995732274,0,1.098612289
33,15,2.63905733,1.609437912,1.098612289
34,15,2.48490665,1.609437912,0
35,15,2.63905733,0,0
36,15,3.091042453,1.609437912,0
37,15,0.693147181,1.945910149,1.098612289
38,15,2.890371758,1.098612289,0
39,15,2.397895273,0.693147181,0.693147181
40,15,2.079441542,0.693147181,0.693147181
41,15,3.555348061,0.693147181,0.693147181
42,15,2.197224577,2.197224577,0.693147181
43,15,3.610917913,0,0
44,15,3.465735903,0,0
45,15,3.401197382,0,0
46,15,3.17805383,0,0.693147181
47,15,3.218875825,1.386294361,0.693147181
48,15,3.295836866,0,0
49,15,3.555348061,0,0
50,15,3.63758616,1.791759469,0.693147181
51,15,3.688879454,1.098612289,0
52,15,4.127134385,0.693147181,0.693147181
53,15,3.850147602,0.693147181,0
54,15,3.258096538,0,0
55,15,3.258096538,0,0.693147181
56,15,3.044522438,1.098612289,1.098612289
57,15,3.135494216,0.693147181,0.693147181
58,15,0,0,0
59,15,0,0,0
60,15,0,0,0
61,15,0,0,0
62,15,0,0,0
63,15,0,0,0
0,16,0,0,0
1,16,0,0,0
2,16,0,0,0
3,16,0,0,0
4,16,0,0,0
5,16,0,0,0
6,16,0,0,0
7,16,3.401197382,1.098612289,0
8,16,3.80666249,0,0
9,16,3.713572067,0,0.693147181
10,16,3.63758616,0.693147181,0
11,16,3.17805383,0.693147181,1.098612289
12,16,3.258096538,1.098612289,0.693147181
13,16,3.135494216,1.386294361,0.693147181
14,16,2.48490665,1.386294361,0
15,16,2.833213344,0.693147181,1.098612289
16,16,3.17805383,0.693147181,0.693147181
17,16,3.33220451,0.693147181,0.693147181
18,16,3.218875825,0,0
19,16,3.737669618,1.609437912,0
20,16,3.713572067,1.098612289,0.693147181
21,16,3.401197382,0,0.693147181
22,16,2.772588722,2.079441542,0
23,16,4.418840608,1.098612289,0
24,16,1.609437912,2.564949357,0
25,16,4.290459441,1.386294361,0
26,16,2.302585093,1.386294361,0
27,16,2.564949357,1.945910149,1.386294361
28,16,1.609437912,0.693147181,0.693147181
29,16,2.397895273,0,1.098612289
30,16,2.397895273,0,1.609437912
31,16,2.995732274,0,0
32,16,3.044522438,1.098612289,0
33,16,1.386294361,2.197224577,0
34,16,2.079441542,1.609437912,0
35,16,2.079441542,1.609437912,0
36,16,1.386294361,1.791759469,0
37,16,2.708050201,1.098612289,0
38,16,2.48490665,1.098612289,1.386294361
39,16,3.044522438,0,0
40,16,3.295836866,0,0.693147181
41,16,2.772588722,0,0
42,16,3.80666249,0,0
43,16,3.433987204,0,1.098612289
44,16,2.48490665,0,0.693147181
45,16,2.708050201,0.693147181,1.609437912
46,16,3.761200116,0,0
47,16,3.36729583,0,0.693147181
48,16,3.36729583,0,0
49,16,2.944438979,0,0
50,16,3.663561646,1.609437912,0
51,16,3.63758616,1.386294361,0.693147181
52,16,3.891820298,0,0.693147181
53,16,0,0,0
54,16,3.761200116,0.693147181,0.693147181
55,16,3.63758616,1.386294361,1.098612289
56,16,3.713572067,0,0
57,16,3.465735903,0,1.098612289
58,16,0,0,0
59,16,2.890371758,1.098612289,1.791759469
60,16,0,0,0
61,16,0,0,0
62,16,0,0,0
63,16,0,0,0
0,17,0,0,0
1,17,0,0,0
2,17,0,0,0
3,17,0,0,0
4,17,0,0,0
5,17,0,0,0
6,17,0,0,0
7,17,3.828641396,0.693147181,0
8,17,4.204692619,0,0
9,17,3.044522438,1.386294361,0.693147181
10,17,3.135494216,0.693147181,0
11,17,2.564949357,1.098612289,0.693147181
12,17,3.36729583,0.693147181,0
13,17,2.944438979,1.098612289,0
14,17,2.833213344,0.693147181,0
15,17,2.48490665,1.098612289,1.609437912
16,17,3.36729583,0,1.609437912
17,17,2.995732274,1.386294361,0.693147181
18,17,2.772588722,1.098612289,0
19,17,2.890371758,1.386294361,0
20,17,3.828641396,0,1.098612289
21,17,4.17438727,0,0
22,17,4.127134385,0.693147181,0.693147181
23,17,3.33220451,1.386294361,0.693147181
24,17,3.091042453,0,0.693147181
25,17,2.397895273,1.791759469,0
26,17,2.079441542,1.098612289,1.098612289
27,17,1.386294361,0,1.098612289
28,17,1.609437912,1.386294361,0
29,17,1.791759469,1.609437912,1.098612289
30,17,1.945910149,1.386294361,0
31,17,1.791759469,1.791759469,1.609437912
32,17,2.397895273,0,1.098612289
33,17,1.386294361,0.693147181,0
34,17,1.791759469,1.609437912,0.693147181
35,17,2.48490665,1.609437912,1.098612289
36,17,3.33220451,0,0.693147181
37,17,1.945910149,1.098612289,0
38,17,2.302585093,1.386294361,0.693147181
39,17,2.995732274,2.079441542,0
40,17,2.397895273,0,1.098612289
41,17,2.995732274,1.609437912,1.098612289
42,17,1.386294361,0.693147181,0.693147181
43,17,2.772588722,1.791759469,0.693147181
44,17,1.791759469,0.693147181,0.693147181
45,17,1.791759469,0.693147181,0.693147181
46,17,1.945910149,0,0
47,17,2.302585093,0.693147181,0.693147181
48,17,1.791759469,0.693147181,0.693147181
49,17,2.397895273,0,0
50,17,2.397895273,1.609437912,0
51,17,3.688879454,1.791759469,0
52,17,3.295836866,0,1.098612289
53,17,3.63758616,0,0
54,17,3.713572067,0,0.693147181
55,17,3.988984047,0.693147181,1.098612289
56,17,3.401197382,0,1.386294361
57,17,3.784189634,0,1.098612289
58,17,3.091042453,0.693147181,0.693147181
59,17,3.17805383,0.693147181,1.098612289
60,17,0,0,0
61,17,0,0,0
62,17,0,0,0
63,17,0,0,0
0,18,0,0,0
1,18,0,0,0
2,18,0,0,0
3,18,0,0,0
4,18,0,0,0
5,18,3.17805383,0.693147181,1.791759469
6,18,4.043051268,0,0
7,18,3.688879454,0.693147181,0
8,18,3.36729583,0,1.098612289
9,18,3.496507561,0.693147181,1.098612289
10,18,2.944438979,0,0.693147181
11,18,2.833213344,1.386294361,1.098612289
12,18,3.433987204,1.386294361,0
13,18,3.091042453,1.098612289,0
14,18,2.995732274,0.693147181,0.693147181
15,18,2.564949357,0.693147181,1.098612289
16,18,1.609437912,1.386294361,0.693147181
17,18,0.693147181,1.791759469,0
18,18,3.218875825,1.791759469,0.693147181
19,18,2.708050201,0.693147181,0
20,18,3.583518938,0,0
21,18,1.098612289,1.098612289,0
22,18,1.098612289,2.564949357,0
23,18,0.693147181,1.791759469,1.386294361
24,18,1.386294361,2.48490665,1.098612289
25,18,1.098612289,1.098612289,1.386294361
26,18,2.079441542,1.098612289,1.098612289
27,18,1.098612289,1.945910149,1.098612289
28,18,1.098612289,1.098612289,1.386294361
29,18,1.098612289,0,0.693147181
30,18,1.098612289,1.386294361,0.693147181
31,18,1.098612289,2.079441542,0.693147181
32,18,0.693147181,2.079441542,1.609437912
33,18,1.098612289,1.098612289,1.098612289
34,18,1.609437912,1.386294361,1.386294361
35,18,2.63905733,0.693147181,0
36,18,2.197224577,0,0
37,18,1.945910149,1.791759469,0
38,18,2.397895273,1.791759469,1.098612289
39,18,2.772588722,1.609437912,0
40,18,2.397895273,2.079441542,0
41,18,2.63905733,0,0
42,18,1.098612289,1.386294361,0.693147181
43,18,3.465735903,0,0.693147181
44,18,2.48490665,1.386294361,0.693147181
45,18,2.397895273,0.693147181,0.693147181
46,18,2.772588722,1.386294361,0.693147181
47,18,2.48490665,1.945910149,0.693147181
48,18,3.135494216,0.693147181,1.386294361
49,18,2.079441542,1.386294361,0.693147181
50,18,2.079441542,1.386294361,0
51,18,0,0.693147181,0
52,18,2.48490665,0,0
53,18,2.944438979,1.791759469,0
54,18,3.784189634,1.098612289,0
55,18,3.951243719,0,0
56,18,4.17438727,0,0
57,18,4.158883083,0,0.693147181
58,18,3.688879454,0.693147181,0.693147181
59,18,3.784189634,0.693147181,0.693147181
60,18,0,0,0
61,18,0,0,0
62,18,0,0,0
63,18,0,0,0
0,19,0,0,0
1,19,0,0,0
2,19,0,0,0
3,19,0,0,0
4,19,0,0,0
5,19,3.663561646,0,0.693147181
6,19,3.871201011,0.693147181,0
7,19,3.33220451,1.386294361,0
8,19,2.890371758,0,0
9,19,3.091042453,0,0
10,19,2.397895273,0.693147181,0.693147181
11,19,3.044522438,0.693147181,0
12,19,3.091042453,0,1.098612289
13,19,2.48490665,1.386294361,0.693147181
14,19,3.401197382,0.693147181,0.693147181
15,19,3.63758616,0.693147181,1.098612289
16,19,3.526360525,1.098612289,0.693147181
17,19,3.828641396,1.098612289,1.386294361
18,19,2.708050201,1.791759469,0
19,19,2.079441542,1.945910149,0
20,19,1.945910149,1.386294361,0
21,19,1.609437912,1.609437912,1.098612289
22,19,1.098612289,1.386294361,1.098612289
23,19,0,1.098612289,0.693147181
24,19,0,0.693147181,0
25,19,1.386294361,1.791759469,1.386294361
26,19,1.386294361,0,1.098612289
27,19,0,0,2.944438979
28,19,0,1.098612289,1.609437912
29,19,0.693147181,0,2.197224577
30,19,1.386294361,1.098612289,2.079441542
31,19,0.693147181,0,2.397895273
32,19,1.098612289,2.302585093,1.791759469
33,19,1.791759469,1.098612289,0
34,19,2.079441542,1.098612289,0
35,19,0.693147181,1.609437912,0
36,19,2.564949357,0,0
37,19,2.708050201,0,1.098612289
38,19,3.044522438,0,0
39,19,2.890371758,1.098612289,1.098612289
40,19,2.63905733,0,0
41,19,3.091042453,0,0
42,19,3.258096538,0,0.693147181
43,19,2.48490665,1.386294361,0.693147181
44,19,2.079441542,0.693147181,0.693147181
45,19,2.833213344,0,0
46,19,2.708050201,1.386294361,0.693147181
47,19,3.091042453,0.693147181,0.693147181
48,19,2.48490665,1.386294361,0.693147181
49,19,2.564949357,1.098612289,1.098612289
50,19,1.098612289,1.098612289,0
51,19,1.386294361,0,0
52,19,2.48490665,1.098612289,1.098612289
53,19,2.772588722,2.197224577,0
54,19,3.555348061,0,0
55,19,3.912023005,0,0.693147181
56,19,3.931825633,0,0
57,19,4.304065093,0,0
58,19,4.317488114,0,0
59,19,3.496507561,0,0.693147181
60,19,3.091042453,0,1.609437912
61,19,0,0,0
62,19,0,0,0
63,19,0,0,0
0,20,0,0,0
1,20,0,0,0
2,20,0,0,0
3,20,0,0,0
4,20,0,0,0
5,20,0,0,0
6,20,3.610917913,0,1.098612289
7,20,3.218875825,0,0
8,20,3.218875825,0,0
9,20,3.401197382,0,0.693147181
10,20,3.091042453,0.693147181,0.693147181
11,20,3.135494216,0,1.098612289
12,20,3.401197382,0.693147181,1.386294361
13,20,2.833213344,1.386294361,0.693147181
14,20,3.135494216,0.693147181,0.693147181
15,20,2.833213344,1.386294361,0.693147181
16,20,2.564949357,2.197224577,0.693147181
17,20,3.135494216,0.693147181,0.693147181
18,20,3.33220451,2.079441542,1.098612289
19,20,1.386294361,1.945910149,1.386294361
20,20,0,1.386294361,0
21,20,0,1.791759469,0.693147181
22,20,0.693147181,1.609437912,2.079441542
23,20,0.693147181,1.386294361,0.693147181
24,20,0.693147181,1.609437912,0.693147181
25,20,0,0.693147181,2.079441542
26,20,0,0,2.772588722
27,20,0,0,1.386294361
28,20,0,0,2.302585093
29,20,0,0,1.386294361
30,20,0,0,2.772588722
31,20,0,0,2.995732274
32,20,1.386294361,0,2.079441542
33,20,1.098612289,0,0.693147181
34,20,0.693147181,1.609437912,0
35,20,0.693147181,0,0
36,20,1.791759469,1.386294361,1.098612289
37,20,1.098612289,2.397895273,0
38,20,3.135494216,1.098612289,0
39,20,2.197224577,1.098612289,0
40,20,2.772588722,0,0
41,20,2.079441542,1.386294361,0.693147181
42,20,3.33220451,0,0
43,20,3.496507561,0,0.693147181
44,20,3.33220451,0,0
45,20,3.33220451,0,0.693147181
46,20,2.63905733,0.693147181,0.693147181
47,20,2.995732274,1.609437912,0.693147181
48,20,2.944438979,0.693147181,0.693147181
49,20,2.708050201,0.693147181,0.693147181
50,20,2.564949357,1.098612289,0
51,20,2.197224577,1.609437912,0
52,20,3.295836866,1.386294361,0
53,20,3.17805383,1.609437912,0
54,20,3.663561646,1.098612289,0
55,20,3.663561646,1.386294361,0
56,20,3.526360525,0.693147181,0
57,20,3.988984047,0.693147181,0
58,20,4.043051268,0,0
59,20,3.784189634,0,0.693147181
60,20,4.248495242,0,0.693147181
61,20,3.258096538,0,0.693147181
62,20,0,0,0
63,20,0,0,0
0,21,0,0,0
1,21,0,0,0
2,21,0,0,0
3,21,0,0,0
4,21,2.772588722,1.386294361,1.791759469
5,21,0,0,0
6,21,0,0,0
7,21,3.218875825,0,1.098612289
8,21,3.465735903,0.693147181,0
9,21,3.555348061,1.386294361,0.693147181
10,21,3.091042453,1.098612289,0
11,21,2.772588722,0,1.386294361
12,21,2.48490665,1.945910149,0
13,21,3.135494216,0.693147181,0.693147181
14,21,3.663561646,1.098612289,1.791759469
15,21,2.772588722,0.693147181,0
16,21,3.135494216,1.945910149,1.386294361
17,21,1.791759469,2.564949357,0.693147181
18,21,1.098612289,2.197224577,1.386294361
19,21,1.098612289,1.945910149,1.098612289
20,21,0,2.397895273,1.609437912
21,21,1.098612289,2.079441542,1.386294361
22,21,0,1.945910149,1.098612289
23,21,0.693147181,2.079441542,1.098612289
24,21,0,1.098612289,1.386294361
25,21,0,0,1.609437912
26,21,0,0,2.397895273
27,21,0,0,1.791759469
28,21,0,0,1.791759469
29,21,0.693147181,0,2.397895273
30,21,0,0,1.791759469
31,21,0,0,1.386294361
32,21,1.098612289,0,2.397895273
33,21,1.945910149,0,0
34,21,1.609437912,1.386294361,0
35,21,0.693147181,1.609437912,0
36,21,0.693147181,1.791759469,1.098612289
37,21,0.693147181,1.791759469,1.098612289
38,21,1.386294361,1.386294361,0
39,21,0.693147181,0.693147181,0.693147181
40,21,1.945910149,1.609437912,0.693147181
41,21,2.302585093,1.386294361,1.098612289
42,21,3.258096538,1.098612289,0.693147181
43,21,1.945910149,0,0
44,21,2.397895273,0.693147181,0.693147181
45,21,2.63905733,0,1.098612289
46,21,3.784189634,0,1.098612289
47,21,3.258096538,0.693147181,0.693147181
48,21,3.33220451,0.693147181,0.693147181
49,21,3.17805383,1.609437912,0
50,21,2.890371758,0,0
51,21,1.386294361,1.098612289,0
52,21,2.833213344,0.693147181,0.693147181
53,21,1.609437912,1.609437912,0
54,21,1.791759469,1.791759469,0
55,21,2.772588722,0,1.609437912
56,21,3.17805383,1.098612289,0
57,21,3.663561646,0,1.098612289
58,21,3.931825633,0.693147181,0.693147181
59,21,3.931825633,0,0
60,21,4.248495242,0.693147181,0.693147181
61,21,3.555348061,0,0
62,21,3.258096538,0,1.386294361
63,21,0,0,0
0,22,0,0,0
1,22,0,0,0
2,22,0,0,0
3,22,2.197224577,0.693147181,0
4,22,2.564949357,1.791759469,0.693147181
5,22,0,0,0
6,22,0,0,0
7,22,3.295836866,0,0
8,22,3.295836866,0,1.098612289
9,22,2.564949357,1.609437912,1.098612289
10,22,2.708050201,0,0
11,22,3.044522438,0.693147181,1.386294361
12,22,2.944438979,0,1.098612289
13,22,2.48490665,0,0
14,22,2.48490665,1.386294361,0.693147181
15,22,2.890371758,1.945910149,0
16,22,3.135494216,1.609437912,0
17,22,1.098612289,1.791759469,1.098612289
18,22,1.098612289,1.791759469,1.098612289
19,22,0,0.693147181,2.48490665
20,22,0,1.609437912,2.079441542
21,22,1.098612289,0.693147181,2.48490665
22,22,1.386294361,1.098612289,1.386294361
23,22,1.098612289,1.098612289,1.386294361
24,22,0,0,2.079441542
25,22,0,1.386294361,1.791759469
26,22,0,0,1.609437912
27,22,1.098612289,0,2.564949357
28,22,0.693147181,0,2.397895273
29,22,0.693147181,0,2.564949357
30,22,0,0,2.079441542
31,22,0,0,1.609437912
32,22,0,0,2.48490665
33,22,1.609437912,1.098612289,0.693147181
34,22,0.693147181,1.945910149,1.098612289
35,22,0.693147181,2.302585093,0
36,22,0.693147181,1.386294361,0
37,22,0.693147181,2.079441542,0
38,22,1.386294361,1.791759469,1.098612289
39,22,0.693147181,0,1.098612289
40,22,0.693147181,1.098612289,0
41,22,1.609437912,1.386294361,1.098612289
42,22,3.258096538,1.945910149,1.098612289
43,22,2.772588722,1.386294361,0.693147181
44,22,3.044522438,0,0.693147181
45,22,3.258096538,0.693147181,0.693147181
46,22,2.944438979,0,0.693147181
47,22,3.496507561,1.098612289,0
48,22,2.772588722,0,1.098612289
49,22,3.737669618,0,1.098612289
50,22,2.995732274,0,0
51,22,3.091042453,0,1.098612289
52,22,2.890371758,1.098612289,0
53,22,2.564949357,1.609437912,0
54,22,2.079441542,1.609437912,0
55,22,1.609437912,1.098612289,0
56,22,3.951243719,1.098612289,1.098612289
57,22,3.737669618,0,0
58,22,4.158883083,0.693147181,0
59,22,0,0,0
60,22,3.988984047,0,0
61,22,4.204692619,0,0
62,22,0,0,0
63,22,0,0,0
0,23,0,0,0
1,23,0,0,0
2,23,0,0,0
3,23,2.48490665,0.693147181,0.693147181
4,23,2.944438979,0.693147181,1.098612289
5,23,0,0,0
6,23,0,0,0
7,23,3.044522438,0.693147181,0
8,23,2.833213344,0,0.693147181
9,23,2.890371758,1.098612289,1.098612289
10,23,2.890371758,1.386294361,1.386294361
11,23,2.564949357,0.693147181,0
12,23,2.944438979,0,1.609437912
13,23,3.258096538,0,0
14,23,1.609437912,2.890371758,0
15,23,0.693147181,0.693147181,1.386294361
16,23,2.079441542,2.079441542,1.098612289
17,23,1.609437912,1.098612289,1.098612289
18,23,1.098612289,1.098612289,2.397895273
19,23,0,0,2.995732274
20,23,0,0,2.708050201
21,23,0,0,2.48490665
22,23,0.693147181,0,2.48490665
23,23,0,0,2.302585093
24,23,0,0.693147181,1.386294361
25,23,0,0,2.302585093
26,23,0,0,2.197224577
27,23,0,0,2.197224577
28,23,1.098612289,0.693147181,2.772588722
29,23,0.693147181,0,2.197224577
30,23,0.693147181,0,2.079441542
31,23,0,0,1.386294361
32,23,0,0,2.63905733
33,23,0.693147181,1.098612289,2.302585093
34,23,1.098612289,1.386294361,1.386294361
35,23,1.386294361,0,1.609437912
36,23,0.693147181,1.791759469,1.386294361
37,23,1.386294361,1.386294361,0
38,23,0.693147181,1.791759469,0
39,23,1.386294361,1.609437912,0
40,23,1.098612289,0,0.693147181
41,23,0.693147181,2.079441542,0
42,23,1.386294361,1.386294361,0
43,23,2.944438979,0,0
44,23,2.708050201,0.693147181,0.693147181
45,23,1.386294361,1.386294361,0.693147181
46,23,3.044522438,1.386294361,0
47,23,2.48490665,0,1.098612289
48,23,2.079441542,0.693147181,0.693147181
49,23,3.433987204,0,1.098612289
50,23,3.433987204,0.693147181,0.693147181
51,23,3.433987204,0,0
52,23,2.890371758,0,0.693147181
53,23,3.091042453,0.693147181,0
54,23,2.995732274,1.386294361,0.693147181
55,23,2.833213344,0.693147181,0.693147181
56,23,2.48490665,1.609437912,0
57,23,2.079441542,0,0
58,23,3.713572067,0,0.693147181
59,23,0,0,0
60,23,3.784189634,0.693147181,0
61,23,3.828641396,0,0
62,23,3.401197382,0,0
63,23,0,0,0
0,24,0,0,0
1,24,0,0,0
2,24,0,0,0
3,24,3.761200116,0.693147181,0
4,24,3.891820298,0,0
5,24,3.17805383,1.098612289,0
6,24,3.401197382,1.098612289,0
7,24,2.302585093,2.397895273,0.693147181
8,24,2.079441542,2.079441542,0
9,24,3.663561646,0.693147181,0
10,24,2.302585093,1.945910149,1.386294361
11,24,3.17805383,0,0.693147181
12,24,2.079441542,0.693147181,0
13,24,1.791759469,0.693147181,0.693147181
14,24,1.791759469,1.098612289,1.386294361
15,24,1.098612289,1.945910149,0.693147181
16,24,1.945910149,2.302585093,1.791759469
17,24,0.693147181,1.609437912,1.386294361
18,24,0,0.693147181,3.17805383
19,24,0,0,2.079441542
20,24,0,0,1.098612289
21,24,0,0,1.945910149
22,24,0,0,1.791759469
23,24,0,0,1.945910149
24,24,0,0,2.63905733
25,24,0,0,1.791759469
26,24,0,0,1.791759469
27,24,0,0,2.197224577
28,24,0,0,2.48490665
29,24,0.693147181,0,2.397895273
30,24,0,0,1.386294361
31,24,0,0,1.609437912
32,24,0,0,2.48490665
33,24,1.098612289,0,2.197224577
34,24,1.098612289,0,1.386294361
35,24,1.098612289,1.386294361,0.693147181
36,24,1.386294361,2.302585093,0
37,24,0.693147181,2.197224577,1.098612289
38,24,1.098612289,2.079441542,0.693147181
39,24,0.693147181,1.098612289,0
40,24,0.693147181,1.386294361,0
41,24,1.098612289,1.609437912,0
42,24,1.098612289,1.386294361,0.693147181
43,24,1.098612289,1.386294361,0.693147181
44,24,1.791759469,1.609437912,0
45,24,1.386294361,0,0
46,24,1.945910149,0.693147181,0.693147181
47,24,1.386294361,0.693147181,1.609437912
48,24,3.044522438,0,0.693147181
49,24,3.36729583,1.386294361,0.693147181
50,24,2.302585093,0,0.693147181
51,24,3.36729583,1.609437912,0
52,24,3.17805383,1.386294361,0.693147181
53,24,2.995732274,0.693147181,0
54,24,3.135494216,0,1.098612289
55,24,3.135494216,0,0
56,24,1.791759469,0,1.098612289
57,24,1.609437912,1.098612289,0
58,24,2.564949357,1.098612289,0
59,24,3.044522438,0,0
60,24,0,0,0
61,24,3.526360525,0.693147181,0.693147181
62,24,0,0,0
63,24,3.258096538,0.693147181,1.098612289
0,25,0,0,0
1,25,3.401197382,1.098612289,1.098612289
2,25,3.583518938,0.693147181,0
3,25,3.912023005,0,0
4,25,3.36729583,0,0
5,25,2.63905733,0,0
6,25,2.890371758,0.693147181,0
7,25,3.218875825,0,0.693147181
8,25,2.944438979,0.693147181,0.693147181
9,25,2.302585093,0,1.098612289
10,25,2.944438979,1.609437912,0.693147181
11,25,3.465735903,1.098612289,1.098612289
12,25,3.135494216,1.098612289,0.693147181
13,25,3.135494216,1.098612289,1.098612289
14,25,2.63905733,1.791759469,1.098612289
15,25,1.098612289,2.708050201,1.098612289
16,25,0.693147181,1.609437912,1.386294361
17,25,0,1.609437912,2.197224577
18,25,0,0,2.833213344
19,25,0,0,1.791759469
20,25,0,0,1.945910149
21,25,0.693147181,0,2.397895273
22,25,0,0,2.397895273
23,25,0,0,2.833213344
24,25,0,0,1.098612289
25,25,0,0,2.564949357
26,25,0.693147181,0,1.945910149
27,25,0,0.693147181,2.63905733
28,25,0,0,2.48490665
29,25,0,0,2.397895273
30,25,0,0,2.197224577
31,25,0,0,1.386294361
32,25,0,0,2.833213344
33,25,0.693147181,0,2.302585093
34,25,1.386294361,1.098612289,1.098612289
35,25,1.098612289,0.693147181,1.386294361
36,25,0.693147181,1.609437912,0
37,25,1.791759469,1.386294361,1.386294361
38,25,1.098612289,1.386294361,1.386294361
39,25,1.386294361,0.693147181,0.693147181
40,25,1.098612289,2.079441542,0.693147181
41,25,1.098612289,2.079441542,1.791759469
42,25,1.098612289,0,1.098612289
43,25,1.386294361,0.693147181,0.693147181
44,25,1.791759469,1.386294361,0.693147181
45,25,0.693147181,1.386294361,0
46,25,1.386294361,0.693147181,1.791759469
47,25,1.386294361,0.693147181,0.693147181
48,25,2.772588722,0,0.693147181
49,25,3.17805383,0.693147181,0.693147181
50,25,3.044522438,1.386294361,1.098612289
51,25,3.784189634,0,1.386294361
52,25,3.218875825,0,1.098612289
53,25,3.258096538,1.098612289,0
54,25,2.708050201,1.098612289,0
55,25,3.135494216,0.693147181,0.693147181
56,25,1.098612289,1.791759469,0.693147181
57,25,2.397895273,1.791759469,0
58,25,1.609437912,0,0
59,25,1.609437912,0,0
60,25,0,0,0
61,25,3.465735903,0.693147181,0
62,25,3.63758616,0.693147181,0.693147181
63,25,3.871201011,0.693147181,0.693147181
0,26,0,0,0
1,26,4.394449155,1.098612289,0
2,26,3.912023005,0.693147181,0
3,26,3.891820298,0.693147181,0
4,26,3.912023005,0,0
5,26,2.944438979,0.693147181,0
6,26,3.433987204,0.693147181,0
7,26,2.564949357,1.386294361,0
8,26,2.564949357,1.609437912,0
9,26,2.995732274,1.098612289,0
10,26,3.218875825,0,1.098612289
11,26,3.433987204,1.386294361,0
12,26,3.17805383,0.693147181,1.386294361
13,26,2.944438979,1.098612289,0.693147181
14,26,2.302585093,1.098612289,1.386294361
15,26,1.098612289,2.079441542,1.609437912
16,26,0,1.609437912,0.693147181
17,26,0,0,2.63905733
18,26,0,0,1.609437912
19,26,0,0,1.945910149
20,26,0,0,2.302585093
21,26,0.693147181,0,2.197224577
22,26,1.098612289,0,2.564949357
23,26,0,0,2.63905733
24,26,0.693147181,0.693147181,2.564949357
25,26,0,0,2.564949357
26,26,0,0,2.772588722
27,26,0,0,0
28,26,0,0,2.48490665
29,26,0,0.693147181,2.079441542
30,26,0.693147181,0,1.945910149
31,26,0,0,0.693147181
32,26,0,0,2.48490665
33,26,0,0,2.397895273
34,26,1.945910149,1.098612289,1.945910149
35,26,0.693147181,0,1.098612289
36,26,0.693147181,1.609437912,0
37,26,0.693147181,1.386294361,1.386294361
38,26,1.386294361,0.693147181,0.693147181
39,26,0,0,3.091042453
40,26,0.693147181,1.386294361,2.079441542
41,26,0,0,3.17805383
42,26,0.693147181,1.609437912,0
43,26,0.693147181,1.609437912,1.098612289
44,26,1.098612289,1.945910149,1.609437912
45,26,1.791759469,1.945910149,0
46,26,1.386294361,1.098612289,0
47,26,1.098612289,1.098612289,0.693147181
48,26,3.258096538,1.386294361,0.693147181
49,26,2.48490665,1.098612289,0
50,26,2.772588722,0,0.693147181
51,26,3.135494216,1.386294361,1.386294361
52,26,3.044522438,0.693147181,0.693147181
53,26,3.555348061,0.693147181,0.693147181
54,26,3.17805383,1.098612289,1.386294361
55,26,3.091042453,1.098612289,1.098612289
56,26,0,0,0
57,26,3.526360525,0,0
58,26,2.708050201,1.098612289,0
59,26,2.564949357,0,0
60,26,2.079441542,1.098612289,0
61,26,3.465735903,1.098612289,0
62,26,3.610917913,0,1.098612289
63,26,3.295836866,0.693147181,0.693147181
0,27,3.713572067,1.098612289,0.693147181
1,27,4.727387819,0,0
2,27,0,0,0
3,27,4.584967479,0,0
4,27,3.63758616,0,0
5,27,3.258096538,1.098612289,0
6,27,3.17805383,0,0
7,27,2.63905733,1.098612289,0
8,27,1.791759469,1.386294361,0
9,27,3.218875825,1.386294361,0
10,27,3.33220451,0.693147181,0
11,27,2.708050201,0.693147181,0
12,27,3.828641396,0,1.098612289
13,27,3.218875825,0.693147181,0.693147181
14,27,2.302585093,0.693147181,0.693147181
15,27,0,1.609437912,2.63905733
16,27,0,0.693147181,2.48490665
17,27,0,0,1.609437912
18,27,0,0,1.609437912
19,27,0.693147181,0,2.397895273
20,27,1.098612289,0,2.079441542
21,27,0,0,2.63905733
22,27,0,0,2.63905733
23,27,0,0,2.397895273
24,27,0.693147181,0,2.772588722
25,27,0.693147181,1.098612289,2.564949357
26,27,0,0.693147181,2.564949357
27,27,0.693147181,0,1.945910149
28,27,1.098612289,0.693147181,2.48490665
29,27,0,0,2.302585093
30,27,0.693147181,0,1.386294361
31,27,0.693147181,0,2.302585093
32,27,0,0,1.791759469
33,27,0,0,2.397895273
34,27,0,0,1.945910149
35,27,0,0,2.302585093
36,27,1.098612289,1.609437912,0.693147181
37,27,0,0,2.890371758
38,27,0,0.693147181,2.48490665
39,27,0,0,2.302585093
40,27,0,0,2.944438979
41,27,0,0,1.945910149
42,27,0,0,2.995732274
43,27,1.098612289,0.693147181,2.302585093
44,27,1.791759469,0.693147181,1.386294361
45,27,1.098612289,1.098612289,0.693147181
46,27,1.098612289,2.079441542,1.386294361
47,27,1.945910149,1.386294361,0.693147181
48,27,0.693147181,1.098612289,0
49,27,0.693147181,1.945910149,0
50,27,2.079441542,0.693147181,0.693147181
51,27,3.465735903,0.693147181,0.693147181
52,27,2.772588722,0,0.693147181
53,27,3.258096538,0,0.693147181
54,27,2.995732274,1.386294361,0
55,27,3.17805383,1.386294361,0.693147181
56,27,3.091042453,0,0
57,27,2.890371758,0,0.693147181
58,27,2.079441542,0,0.693147181
59,27,2.564949357,0,0
60,27,1.791759469,0,0.693147181
61,27,3.433987204,1.386294361,0
62,27,3.33220451,0.693147181,0
63,27,3.496507561,0.693147181,0
0,28,0,0,0
1,28,0,0,0
2,28,0,0,0
3,28,4.110873864,0.693147181,0
4,28,4.189654742,0.693147181,0
5,28,3.135494216,0.693147181,0.693147181
6,28,2.995732274,0.693147181,0
7,28,2.63905733,0,0
8,28,0.693147181,1.791759469,0
9,28,3.583518938,1.609437912,0
10,28,3.496507561,0.693147181,0.693147181
11,28,3.555348061,1.098612289,0
12,28,2.708050201,1.609437912,0
13,28,1.945910149,1.098612289,1.098612289
14,28,1.609437912,1.386294361,1.609437912
15,28,0.693147181,1.609437912,0.693147181
16,28,0,0.693147181,2.944438979
17,28,0,0,2.302585093
18,28,0.693147181,0,1.791759469
19,28,0.693147181,0.693147181,2.397895273
20,28,0.693147181,0,1.791759469
21,28,1.098612289,1.098612289,2.772588722
22,28,0,0.693147181,1.609437912
23,28,0,0,1.386294361
24,28,0,0,1.791759469
25,28,0,0,1.098612289
26,28,0,0,1.098612289
27,28,0,0,1.098612289
28,28,0,0,1.386294361
29,28,0.693147181,0,1.609437912
30,28,0,0,2.079441542
31,28,0,0,2.397895273
32,28,0,0,1.386294361
33,28,0,0,1.791759469
34,28,0,0,2.564949357
35,28,0,0,2.48490665
36,28,1.386294361,0,2.197224577
37,28,0,0,2.564949357
38,28,0,0,2.302585093
39,28,0,0,1.791759469
40,28,0,0,1.609437912
41,28,0,0,2.197224577
42,28,0,0,2.197224577
43,28,0,0,2.302585093
44,28,0.693147181,0,1.609437912
45,28,1.609437912,1.386294361,0.693147181
46,28,1.609437912,2.079441542,0.693147181
47,28,1.609437912,1.791759469,0
48,28,1.098612289,2.079441542,0.693147181
49,28,1.609437912,1.945910149,0
50,28,1.386294361,1.609437912,0.693147181
51,28,2.995732274,0,0
52,28,3.33220451,0,0
53,28,2.890371758,0.693147181,0.693147181
54,28,2.944438979,0.693147181,0.693147181
55,28,3.091042453,0.693147181,0.693147181
56,28,2.890371758,1.945910149,0.693147181
57,28,2.397895273,1.386294361,0.693147181
58,28,2.197224577,0,0
59,28,2.48490665,1.609437912,0
60,28,1.945910149,0,0
61,28,2.944438979,0,0
62,28,0,0,0
63,28,3.663561646,1.791759469,0
0,29,0,0,0
1,29,3.583518938,0,1.609437912
2,29,4.17438727,0,1.609437912
3,29,4.007333185,0,1.386294361
4,29,3.36729583,0,0
5,29,2.48490665,2.302585093,0
6,29,3.17805383,0.693147181,0
7,29,2.302585093,1.098612289,0
8,29,0,1.098612289,0
9,29,3.295836866,1.791759469,0
10,29,3.850147602,1.098612289,0
11,29,3.258096538,0.693147181,1.098612289
12,29,2.564949357,1.098612289,0
13,29,1.609437912,1.609437912,0.693147181
14,29,1.609437912,2.079441542,0.693147181
15,29,1.609437912,2.197224577,0
16,29,0,1.386294361,2.564949357
17,29,0,0,3.044522438
18,29,0,0,1.609437912
19,29,0,0,2.079441542
20,29,1.386294361,0,2.48490665
21,29,0,0,1.609437912
22,29,0,0,1.098612289
23,29,0,0,2.772588722
24,29,0,0,1.386294361
25,29,0,0,3.36729583
26,29,0,0,2.397895273
27,29,0,0,2.833213344
28,29,0,0,1.609437912
29,29,0,0,1.609437912
30,29,1.098612289,1.098612289,1.098612289
31,29,0.693147181,0,1.609437912
32,29,0,0.693147181,2.197224577
33,29,0,0,2.397895273
34,29,0,0,2.197224577
35,29,0,0,2.48490665
36,29,0,0,2.48490665
37,29,0,0,1.791759469
38,29,0,0,1.098612289
39,29,0.693147181,0,2.48490665
40,29,1.098612289,0.693147181,1.386294361
41,29,1.791759469,0,1.386294361
42,29,0,0,1.609437912
43,29,0,0,2.708050201
44,29,0.693147181,0,1.386294361
45,29,1.791759469,1.386294361,1.386294361
46,29,1.098612289,1.791759469,0.693147181
47,29,0.693147181,2.197224577,0
48,29,1.098612289,1.386294361,0.693147181
49,29,1.386294361,0.693147181,0.693147181
50,29,1.098612289,1.386294361,0.693147181
51,29,1.945910149,0.693147181,1.609437912
52,29,3.044522438,1.098612289,0.693147181
53,29,2.48490665,0.693147181,0.693147181
54,29,2.63905733,0.693147181,0.693147181
55,29,2.63905733,0,0.693147181
56,29,2.890371758,0,1.098612289
57,29,3.218875825,0.693147181,0.693147181
58,29,2.197224577,1.098612289,0
59,29,3.218875825,0,0
60,29,2.890371758,0,0
61,29,2.890371758,0.693147181,0.693147181
62,29,3.555348061,0.693147181,1.098612289
63,29,3.17805383,1.098612289,0
0,30,0,0,0
1,30,4.110873864,0,1.098612289
2,30,4.110873864,0.693147181,0.693147181
3,30,3.951243719,0.693147181,0
4,30,4.204692619,1.098612289,0
5,30,3.433987204,0,0
6,30,0.693147181,2.833213344,0
7,30,1.386294361,0.693147181,0
8,30,2.63905733,0.693147181,0
9,30,3.496507561,0,0.693147181
10,30,3.496507561,1.386294361,0
11,30,3.135494216,1.791759469,0
12,30,2.944438979,1.386294361,0
13,30,3.258096538,1.098612289,0
14,30,1.609437912,1.386294361,0
15,30,1.609437912,2.833213344,0
16,30,0.693147181,2.397895273,1.386294361
17,30,0.693147181,1.791759469,1.386294361
18,30,0,0,2.708050201
19,30,0,0,2.890371758
20,30,0,0,1.791759469
21,30,0,0,2.833213344
22,30,0,0,2.48490665
23,30,0,0.693147181,2.708050201
24,30,0,0.693147181,2.708050201
25,30,0.693147181,2.397895273,1.609437912
26,30,0,0,2.63905733
27,30,0,0.693147181,2.397895273
28,30,0,0,2.772588722
29,30,0,0,2.48490665
30,30,0,0,1.386294361
31,30,0,0,1.098612289
32,30,1.098612289,0,2.48490665
33,30,0,0,2.302585093
34,30,0,0,2.197224577
35,30,1.098612289,0.693147181,1.945910149
36,30,0,0,1.098612289
37,30,1.098612289,0,1.945910149
38,30,1.098612289,0,1.609437912
39,30,0.693147181,0,2.302585093
40,30,1.098612289,0,1.098612289
41,30,0,0,1.945910149
42,30,0,0,2.197224577
43,30,0,0,3.135494216
44,30,0.693147181,1.098612289,1.386294361
45,30,1.098612289,2.079441542,0.693147181
46,30,1.098612289,0.693147181,0.693147181
47,30,1.098612289,2.197224577,0.693147181
48,30,1.791759469,1.098612289,0
49,30,1.098612289,0.693147181,0.693147181
50,30,1.386294361,1.386294361,0.693147181
51,30,1.609437912,1.945910149,1.386294361
52,30,2.197224577,1.386294361,0.693147181
53,30,1.945910149,0.693147181,0.693147181
54,30,2.944438979,0.693147181,0.693147181
55,30,2.995732274,0,0
56,30,2.397895273,1.791759469,0.693147181
57,30,2.63905733,0,0
58,30,2.302585093,1.386294361,0.693147181
59,30,2.944438979,0,0
60,30,3.526360525,1.791759469,0
61,30,2.890371758,1.386294361,0
62,30,3.044522438,2.079441542,0
63,30,2.944438979,1.386294361,0.693147181
0,31,0,0,0
1,31,0,0,0
2,31,4.442651256,0,0
3,31,4.17438727,0,0
4,31,3.526360525,0.693147181,0
5,31,3.17805383,0.693147181,0
6,31,2.772588722,2.079441542,0
7,31,2.48490665,1.609437912,0.693147181
8,31,3.401197382,1.386294361,0
9,31,3.526360525,1.098612289,0.693147181
10,31,3.401197382,0.693147181,0
11,31,2.833213344,0.693147181,0
12,31,3.465735903,1.609437912,0.693147181
13,31,4.248495242,0.693147181,0.693147181
14,31,1.609437912,1.791759469,0.693147181
15,31,1.609437912,1.945910149,0
16,31,1.386294361,2.63905733,0.693147181
17,31,1.386294361,2.397895273,0
18,31,0,2.302585093,1.386294361
19,31,0.693147181,1.791759469,1.609437912
20,31,0,0.693147181,2.302585093
21,31,0.693147181,1.791759469,2.079441542
22,31,0,1.098612289,2.302585093
23,31,0.693147181,2.197224577,1.386294361
24,31,0.693147181,1.386294361,1.098612289
25,31,0.693147181,2.48490665,1.098612289
26,31,0.693147181,1.386294361,1.945910149
27,31,0.693147181,2.079441542,1.098612289
28,31,0,0,2.079441542
29,31,0,1.791759469,1.791759469
30,31,0,0,1.791759469
31,31,0,0,2.079441542
32,31,0,0,0.693147181
33,31,1.386294361,1.098612289,0
34,31,0,0,0
35,31,0,0,0
36,31,1.098612289,0.693147181,1.791759469
37,31,0,0,0
38,31,0,0,2.302585093
39,31,0,0,0
40,31,1.098612289,0,1.609437912
41,31,0,0,1.791759469
42,31,0,0,2.397895273
43,31,0,0.693147181,2.48490665
44,31,1.386294361,2.197224577,0
45,31,0.693147181,1.098612289,2.63905733
46,31,1.098612289,2.302585093,2.079441542
47,31,0.693147181,1.609437912,1.098612289
48,31,1.386294361,2.197224577,0.693147181
49,31,1.386294361,1.945910149,0.693147181
50,31,1.386294361,0.693147181,0.693147181
51,31,1.609437912,2.564949357,1.098612289
52,31,1.945910149,0,0.693147181
53,31,2.63905733,1.098612289,0.693147181
54,31,2.772588722,0.693147181,0.693147181
55,31,3.135494216,0.693147181,1.386294361
56,31,2.833213344,0,1.098612289
57,31,1.386294361,0.693147181,0.693147181
58,31,3.555348061,0,0
59,31,3.091042453,0,0
60,31,3.433987204,1.791759469,1.791759469
61,31,2.772588722,0.693147181,0
62,31,3.044522438,1.098612289,1.098612289
63,31,2.944438979,0.693147181,0.693147181
0,32,0,0,0
1,32,0,0,0
2,32,0,0,0
3,32,3.912023005,0,0
4,32,3.610917913,0,0
5,32,3.583518938,0.693147181,0.693147181
6,32,2.833213344,1.098612289,0
7,32,1.386294361,1.098612289,0
8,32,3.761200116,0.693147181,0.693147181
9,32,3.583518938,0,0
10,32,3.465735903,0.693147181,0
11,32,3.091042453,1.609437912,0.693147181
12,32,3.135494216,0,0
13,32,3.970291914,0,0
14,32,2.833213344,1.098612289,0
15,32,1.386294361,0,0
16,32,1.386294361,1.945910149,0.693147181
17,32,0,1.791759469,0
18,32,0,2.63905733,0
19,32,0,2.079441542,0
20,32,1.386294361,1.945910149,0.693147181
21,32,0.693147181,2.302585093,0
22,32,0,1.609437912,0.693147181
23,32,0,2.944438979,0.693147181
24,32,0.693147181,1.945910149,1.098612289
25,32,1.609437912,2.079441542,0
26,32,0.693147181,2.890371758,0
27,32,0.693147181,1.386294361,1.098612289
28,32,0.693147181,2.079441542,0
29,32,1.098612289,1.609437912,1.098612289
30,32,0,0.693147181,2.564949357
31,32,0,0,2.564949357
32,32,0,0,1.791759469
33,32,1.098612289,0,1.098612289
34,32,1.098612289,0,2.48490665
35,32,0,0,0
36,32,0,0,0
37,32,0,0,0
38,32,0,0,0
39,32,0,0,2.302585093
40,32,1.098612289,0.693147181,1.945910149
41,32,0,0,1.609437912
42,32,0,0,3.044522438
43,32,0,0,3.091042453
44,32,0,0,2.995732274
45,32,0,0,3.044522438
46,32,1.609437912,1.098612289,2.564949357
47,32,0.693147181,0,3.091042453
48,32,0.693147181,2.079441542,1.609437912
49,32,0,0.693147181,2.995732274
50,32,1.386294361,0.693147181,0.693147181
51,32,1.098612289,0.693147181,0.693147181
52,32,1.386294361,1.791759469,0
53,32,1.386294361,1.945910149,1.098612289
54,32,2.48490665,1.609437912,1.098612289
55,32,2.708050201,1.098612289,0
56,32,2.708050201,0.693147181,0.693147181
57,32,2.944438979,1.098612289,1.098612289
58,32,2.397895273,1.098612289,0
59,32,2.63905733,1.386294361,0.693147181
60,32,2.995732274,0,0
61,32,1.609437912,1.609437912,1.098612289
62,32,2.197224577,1.386294361,0.693147181
63,32,3.044522438,0.693147181,0.693147181
0,33,0,0,0
1,33,0,0,0
2,33,4.672828834,0,0
3,33,3.17805383,0,0
4,33,3.761200116,0,0
5,33,2.833213344,1.098612289,0
6,33,2.890371758,1.609437912,0
7,33,2.302585093,1.098612289,0
8,33,3.295836866,0.693147181,0
9,33,3.295836866,0,0
10,33,3.465735903,1.609437912,0.693147181
11,33,3.091042453,0,0.693147181
12,33,3.295836866,0.693147181,0
13,33,2.833213344,0.693147181,0
14,33,3.044522438,0.693147181,0
15,33,0,1.098612289,0
16,33,0,1.609437912,0
17,33,0.693147181,2.708050201,0
18,33,0.693147181,2.564949357,0
19,33,0.693147181,2.302585093,0.693147181
20,33,0,1.945910149,0
21,33,1.098612289,2.079441542,0.693147181
22,33,1.098612289,2.63905733,1.945910149
23,33,0,1.386294361,0
24,33,1.098612289,1.791759469,0.693147181
25,33,0.693147181,2.197224577,0
26,33,0.693147181,2.833213344,1.386294361
27,33,1.386294361,1.386294361,1.791759469
28,33,0.693147181,2.079441542,1.386294361
29,33,0.693147181,2.397895273,1.098612289
30,33,0.693147181,1.945910149,0
31,33,0.693147181,1.098612289,2.302585093
32,33,0,0,2.63905733
33,33,0,0,0.693147181
34,33,1.386294361,1.098612289,1.098612289
35,33,0,0,0
36,33,0,0,0
37,33,0,0,0
38,33,0,0,0
39,33,0.693147181,0,2.63905733
40,33,0.693147181,0,2.397895273
41,33,1.609437912,0,1.791759469
42,33,0,0,2.197224577
43,33,0,0,1.386294361
44,33,0,0,1.791759469
45,33,0,0,1.945910149
46,33,0,0,2.48490665
47,33,0,0,1.609437912
48,33,0,0,3.33220451
49,33,0,0,3.295836866
50,33,0,1.386294361,2.833213344
51,33,1.098612289,2.564949357,0.693147181
52,33,1.609437912,2.397895273,0
53,33,1.386294361,2.302585093,0
54,33,2.564949357,2.302585093,0.693147181
55,33,1.791759469,0,0
56,33,2.079441542,0,0
57,33,2.890371758,1.098612289,0
58,33,2.708050201,0,0
59,33,2.890371758,0.693147181,1.386294361
60,33,1.791759469,1.098612289,0
61,33,2.63905733,1.098612289,0
62,33,2.197224577,1.098612289,0
63,33,2.995732274,0,0.693147181
0,34,0,0,0
1,34,0,0,0
2,34,0,0,0
3,34,4.189654742,0,0
4,34,3.891820298,0,0
5,34,2.772588722,1.098612289,0.693147181
6,34,3.555348061,0.693147181,0
7,34,2.772588722,1.609437912,0
8,34,1.791759469,2.079441542,1.098612289
9,34,3.091042453,1.098612289,0.693147181
10,34,3.044522438,1.098612289,0
11,34,3.433987204,0.693147181,0
12,34,3.663561646,0,0
13,34,3.258096538,0,0.693147181
14,34,2.197224577,2.397895273,0
15,34,2.48490665,0.693147181,0
16,34,0,1.386294361,0
17,34,1.945910149,1.609437912,0.693147181
18,34,0,2.197224577,0
19,34,0.693147181,2.397895273,0.693147181
20,34,0.693147181,2.63905733,0.693147181
21,34,0.693147181,2.302585093,0.693147181
22,34,0.693147181,1.945910149,0
23,34,0,1.945910149,0.693147181
24,34,0,2.397895273,0.693147181
25,34,1.098612289,1.791759469,0
26,34,0.693147181,2.197224577,0
27,34,0.693147181,2.079441542,0
28,34,1.791759469,2.48490665,1.098612289
29,34,1.098612289,1.609437912,0
30,34,0.693147181,2.197224577,1.386294361
31,34,1.098612289,1.098612289,1.098612289
32,34,0,0,2.708050201
33,34,0,0,1.609437912
34,34,0,0.693147181,1.098612289
35,34,0,0,2.302585093
36,34,0,0,0
37,34,0,0,0
38,34,0,0,0
39,34,0,0,0
40,34,0,0,0
41,34,0,0,0
42,34,2.079441542,0,0.693147181
43,34,0.693147181,0,2.079441542
44,34,1.098612289,0,2.079441542
45,34,1.098612289,0.693147181,1.386294361
46,34,0,0.693147181,1.791759469
47,34,1.098612289,0.693147181,1.945910149
48,34,0,0,1.609437912
49,34,0,0,2.197224577
50,34,0.693147181,0,3.135494216
51,34,1.098612289,1.791759469,1.386294361
52,34,1.386294361,0.693147181,0.693147181
53,34,1.098612289,1.791759469,0.693147181
54,34,1.386294361,1.098612289,0
55,34,2.708050201,0,0.693147181
56,34,1.945910149,0.693147181,0.693147181
57,34,3.17805383,1.098612289,0.693147181
58,34,1.791759469,0.693147181,0.693147181
59,34,2.397895273,0,1.386294361
60,34,2.397895273,0,1.098612289
61,34,3.33220451,1.098612289,1.098612289
62,34,0,0,0
63,34,3.091042453,0,0.693147181
0,35,0,0,0
1,35,0,0,0
2,35,0,0,0
3,35,5.147494477,0,0
4,35,4.077537444,0,0
5,35,3.663561646,0,0
6,35,3.258096538,1.098612289,0
7,35,3.295836866,1.386294361,0
8,35,1.609437912,2.890371758,0
9,35,2.772588722,0.693147181,0
10,35,3.610917913,0.693147181,0
11,35,3.80666249,0.693147181,0
12,35,2.944438979,1.609437912,0
13,35,3.465735903,0.693147181,0.693147181
14,35,3.295836866,1.386294361,0.693147181
15,35,3.218875825,0,0
16,35,2.197224577,0.693147181,0
17,35,1.945910149,2.302585093,0
18,35,1.098612289,2.302585093,0
19,35,0.693147181,2.890371758,0.693147181
20,35,0.693147181,2.302585093,0
21,35,0.693147181,2.302585093,0
22,35,0.693147181,1.791759469,0
23,35,0.693147181,0,0.693147181
24,35,0.693147181,1.609437912,0
25,35,1.386294361,2.564949357,1.098612289
26,35,1.386294361,1.609437912,0
27,35,0.693147181,2.079441542,1.098612289
28,35,0.693147181,1.609437912,1.386294361
29,35,0.693147181,2.079441542,0
30,35,1.098612289,2.079441542,0
31,35,0.693147181,1.945910149,1.386294361
32,35,0,0,2.079441542
33,35,0,0,2.48490665
34,35,0,0.693147181,1.098612289
35,35,0.693147181,0,2.708050201
36,35,0,0,0
37,35,0,0,0
38,35,0,0,0
39,35,0,0,0
40,35,0,0,0
41,35,0,0,0
42,35,0.693147181,0,2.63905733
43,35,0,0,0
44,35,0,0,2.197224577
45,35,0,0,0
46,35,0,0,2.772588722
47,35,1.098612289,0,2.197224577
48,35,0,0,1.609437912
49,35,0,0,2.708050201
50,35,0,0,2.708050201
51,35,0.693147181,0,0
52,35,1.386294361,1.609437912,0.693147181
53,35,1.098612289,2.079441542,0.693147181
54,35,1.098612289,1.386294361,0.693147181
55,35,1.791759469,0.693147181,0.693147181
56,35,3.218875825,0.693147181,0.693147181
57,35,2.995732274,0.693147181,0.693147181
58,35,2.995732274,0.693147181,0.693147181
59,35,1.386294361,0.693147181,0.693147181
60,35,2.890371758,0.693147181,0.693147181
61,35,2.48490665,1.386294361,0
62,35,0,0,0
63,35,2.890371758,0,0.693147181
0,36,0,0,0
1,36,0,0,0
2,36,0,0,0
3,36,0,0,0
4,36,3.828641396,0,0.693147181
5,36,3.80666249,1.098612289,0
6,36,3.583518938,0,0
7,36,2.995732274,1.609437912,0
8,36,1.791759469,0.693147181,0
9,36,3.091042453,1.098612289,0
10,36,2.833213344,0.693147181,0
11,36,3.433987204,0,0
12,36,2.48490665,0.693147181,0
13,36,3.135494216,1.098612289,0.693147181
14,36,2.564949357,1.098612289,0
15,36,2.63905733,2.48490665,0.693147181
16,36,1.609437912,1.098612289,0
17,36,0,1.791759469,0
18,36,0.693147181,2.48490665,0
19,36,1.609437912,1.609437912,0
20,36,0,1.386294361,0
21,36,1.386294361,1.098612289,1.098612289
22,36,1.945910149,1.098612289,0
23,36,1.609437912,1.609437912,0
24,36,0.693147181,0,0
25,36,1.609437912,1.098612289,1.098612289
26,36,1.098612289,1.945910149,0
27,36,0.693147181,0.693147181,1.098612289
28,36,0.693147181,1.791759469,0
29,36,0.693147181,2.48490665,1.945910149
30,36,0,2.079441542,0.693147181
31,36,0,1.791759469,1.609437912
32,36,0,0.693147181,2.397895273
33,36,0,0,2.944438979
34,36,0,0,1.945910149
35,36,1.386294361,0,2.079441542
36,36,0,0,0
37,36,0,0,0
38,36,0,0,0
39,36,0,0,0
40,36,0,0,0
41,36,0,0,0
42,36,0,0,0
43,36,0,0,0
44,36,0,0,0
45,36,0.693147181,0,2.48490665
46,36,1.609437912,0.693147181,2.397895273
47,36,1.098612289,0,1.791759469
48,36,0,0,2.397895273
49,36,1.098612289,0,2.708050201
50,36,0,0,2.48490665
51,36,1.098612289,0,1.386294361
52,36,1.386294361,1.609437912,0.693147181
53,36,1.098612289,1.386294361,0.693147181
54,36,1.386294361,0.693147181,0.693147181
55,36,1.945910149,1.098612289,0.693147181
56,36,2.079441542,1.386294361,1.791759469
57,36,1.609437912,0,0.693147181
58,36,1.945910149,0.693147181,0.693147181
59,36,3.36729583,0.693147181,0.693147181
60,36,2.708050201,0.693147181,0.693147181
61,36,0,0,0
62,36,2.995732274,0,0
63,36,2.833213344,0.693147181,0
0,37,0,0,0
1,37,0,0,0
2,37,0,0,0
3,37,0,0,0
4,37,3.218875825,1.945910149,0
5,37,3.526360525,0,0
6,37,3.871201011,1.098612289,0
7,37,3.091042453,1.386294361,0
8,37,2.833213344,1.791759469,0.693147181
9,37,2.197224577,1.386294361,0
10,37,3.295836866,0,0
11,37,2.833213344,1.791759469,0
12,37,2.564949357,1.098612289,0.693147181
13,37,3.258096538,0,0
14,37,3.526360525,1.098612289,0
15,37,3.555348061,0,0
16,37,3.663561646,0.693147181,0
17,37,2.079441542,0,0
18,37,1.609437912,1.791759469,1.386294361
19,37,1.609437912,2.63905733,1.098612289
20,37,2.302585093,1.098612289,0
21,37,1.098612289,1.945910149,0
22,37,1.609437912,1.945910149,0.693147181
23,37,0.693147181,1.791759469,1.098612289
24,37,1.791759469,2.197224577,1.609437912
25,37,0,0.693147181,2.944438979
26,37,0.693147181,1.098612289,2.397895273
27,37,0,0,2.772588722
28,37,0.693147181,2.197224577,0.693147181
29,37,0.693147181,1.098612289,1.945910149
30,37,0,1.609437912,2.079441542
31,37,0,0,3.258096538
32,37,0,0,2.63905733
33,37,0,0,1.386294361
34,37,0,0,0.693147181
35,37,1.098612289,1.386294361,2.079441542
36,37,0,0,0
37,37,0,0,0
38,37,0,0,0
39,37,0,0,0
40,37,0,0,0
41,37,0,0,0
42,37,0,0,0
43,37,0,0,0
44,37,0,0,2.079441542
45,37,1.386294361,0.693147181,2.564949357
46,37,0,0,2.63905733
47,37,0,0,1.791759469
48,37,0,0,3.044522438
49,37,0,0.693147181,2.197224577
50,37,1.791759469,0,2.397895273
51,37,1.098612289,1.386294361,0.693147181
52,37,1.386294361,0.693147181,0.693147181
53,37,1.098612289,1.098612289,0.693147181
54,37,1.609437912,0,0.693147181
55,37,0.693147181,1.098612289,1.098612289
56,37,1.098612289,0,1.386294361
57,37,1.098612289,1.386294361,0.693147181
58,37,2.197224577,1.386294361,0.693147181
59,37,2.944438979,0,0.693147181
60,37,2.197224577,0.693147181,0.693147181
61,37,2.302585093,0,0
62,37,2.197224577,0,0
63,37,2.890371758,0.693147181,0
0,38,0,0,0
1,38,0,0,0
2,38,0,0,0
3,38,4.204692619,0,0.693147181
4,38,0,0,0
5,38,3.737669618,0,0
6,38,3.761200116,1.098612289,0
7,38,2.890371758,0.693147181,0
8,38,2.397895273,1.098612289,0
9,38,1.945910149,0,0
10,38,3.33220451,1.098612289,0.693147181
11,38,3.433987204,1.791759469,0
12,38,2.944438979,1.386294361,0
13,38,3.36729583,1.386294361,0
14,38,3.496507561,1.098612289,0
15,38,3.433987204,1.791759469,0
16,38,3.761200116,0.693147181,0
17,38,2.397895273,1.098612289,0
18,38,1.945910149,0,0
19,38,1.791759469,1.386294361,0.693147181
20,38,1.098612289,2.302585093,0.693147181
21,38,1.098612289,1.791759469,0
22,38,1.098612289,1.945910149,1.386294361
23,38,0,0.693147181,2.772588722
24,38,0,0.693147181,2.772588722
25,38,0,0,1.609437912
26,38,0,0,1.386294361
27,38,0,0,1.609437912
28,38,0,0,2.63905733
29,38,0,0,2.48490665
30,38,0,0,2.944438979
31,38,0,0,1.791759469
32,38,0,0,1.609437912
33,38,0,1.098612289,2.079441542
34,38,1.098612289,0,2.48490665
35,38,1.386294361,0.693147181,2.48490665
36,38,0,0,0
37,38,0,0,0
38,38,0,0,0
39,38,0,0,0
40,38,0,0,0
41,38,0,0,0
42,38,0,0,0
43,38,0,0,0
44,38,1.386294361,0,2.63905733
45,38,0.693147181,1.098612289,1.386294361
46,38,0,0,2.397895273
47,38,1.609437912,0.693147181,2.079441542
48,38,0,0,1.386294361
49,38,1.098612289,1.098612289,1.386294361
50,38,1.609437912,1.098612289,1.098612289
51,38,1.386294361,1.945910149,0.693147181
52,38,1.098612289,0.693147181,1.386294361
53,38,1.098612289,1.386294361,0.693147181
54,38,1.386294361,0.693147181,0.693147181
55,38,1.386294361,0,0
56,38,0.693147181,1.609437912,0
57,38,1.098612289,0,0.693147181
58,38,1.098612289,1.386294361,0.693147181
59,38,1.945910149,0.693147181,0.693147181
60,38,2.944438979,0,0.693147181
61,38,2.397895273,0,1.609437912
62,38,2.079441542,0,0.693147181
63,38,1.945910149,1.386294361,0
0,39,0,0,0
1,39,0,0,0
2,39,0,0,0
3,39,0,0,0
4,39,2.995732274,0,0
5,39,3.713572067,0.693147181,0
6,39,3.63758616,0,0.693147181
7,39,3.258096538,0.693147181,0
8,39,0.693147181,1.098612289,0
9,39,1.791759469,1.098612289,1.098612289
10,39,3.044522438,1.945910149,0
11,39,2.890371758,1.098612289,0
12,39,3.401197382,0,0
13,39,3.526360525,0,0
14,39,3.63758616,0.693147181,0
15,39,2.995732274,0,0
16,39,3.218875825,1.386294361,0.693147181
17,39,2.079441542,0.693147181,0.693147181
18,39,1.609437912,0,0.693147181
19,39,0.693147181,1.945910149,0
20,39,1.098612289,1.791759469,0
21,39,1.098612289,2.079441542,1.791759469
22,39,0,1.386294361,2.944438979
23,39,0,0,2.48490665
24,39,0,0,1.386294361
25,39,0,1.098612289,1.609437912
26,39,0,0,1.098612289
27,39,0.693147181,1.098612289,1.945910149
28,39,0,0,2.48490665
29,39,0.693147181,0,0.693147181
30,39,0.693147181,0,1.386294361
31,39,1.386294361,0,1.609437912
32,39,1.098612289,0,1.945910149
33,39,0,0,0
34,39,1.098612289,0.693147181,2.708050201
35,39,0,0,0
36,39,0,0,0
37,39,0,0,0
38,39,0,0,0
39,39,0,0,0
40,39,0,0,0
41,39,0,0,0
42,39,0,0,0
43,39,1.098612289,0,2.63905733
44,39,1.609437912,0,2.302585093
45,39,0,0,1.791759469
46,39,0,0,2.890371758
47,39,1.098612289,0.693147181,2.302585093
48,39,1.098612289,1.386294361,1.791759469
49,39,1.098612289,1.791759469,1.386294361
50,39,1.386294361,2.302585093,0.693147181
51,39,1.386294361,0.693147181,0.693147181
52,39,1.609437912,1.945910149,0.693147181
53,39,0.693147181,1.945910149,0
54,39,0.693147181,1.945910149,0
55,39,1.098612289,0,0.693147181
56,39,0.693147181,0,0
57,39,1.098612289,1.386294361,0.693147181
58,39,2.48490665,0.693147181,0.693147181
59,39,2.302585093,0.693147181,1.791759469
60,39,2.708050201,1.386294361,0.693147181
61,39,2.302585093,1.098612289,0
62,39,1.609437912,0,0
63,39,1.098612289,0.693147181,0
0,40,0,0,0
1,40,0,0,0
2,40,0,0,0
3,40,0,0,0
4,40,3.951243719,0,0
5,40,0,0,0
6,40,3.63758616,0,0
7,40,3.737669618,0,0.693147181
8,40,3.465735903,0.693147181,0.693147181
9,40,2.708050201,1.791759469,0
10,40,3.091042453,0,0
11,40,3.555348061,1.791759469,0
12,40,3.135494216,0.693147181,0.693147181
13,40,3.17805383,0.693147181,0.693147181
14,40,3.784189634,0,0
15,40,3.401197382,1.791759469,0
16,40,2.48490665,0.693147181,0.693147181
17,40,1.098612289,1.791759469,0.693147181
18,40,1.791759469,1.791759469,0
19,40,0.693147181,1.945910149,0
20,40,0,2.302585093,0.693147181
21,40,1.386294361,2.197224577,1.609437912
22,40,0,0,3.135494216
23,40,0,0,1.791759469
24,40,0,0,1.386294361
25,40,0.693147181,0,1.098612289
26,40,0.693147181,0.693147181,1.945910149
27,40,0.693147181,0,2.564949357
28,40,1.098612289,0,1.791759469
29,40,0,0,2.48490665
30,40,0,0,2.564949357
31,40,0,0,0
32,40,0,0,0
33,40,0,0,0
34,40,0,0,0
35,40,0,0,0
36,40,0,0,0
37,40,0,0,0
38,40,0,0,0
39,40,0,0,0
40,40,0,0,0
41,40,0,0,0
42,40,0,0,0
43,40,0.693147181,0.693147181,2.48490665
44,40,0,0,1.945910149
45,40,0,0,1.098612289
46,40,0,0,3.091042453
47,40,0.693147181,0,1.945910149
48,40,1.098612289,1.791759469,2.197224577
49,40,0.693147181,2.48490665,1.098612289
50,40,1.098612289,1.386294361,0.693147181
51,40,1.098612289,1.386294361,0.693147181
52,40,1.098612289,0,0.693147181
53,40,1.098612289,0.693147181,0.693147181
54,40,1.791759469,1.098612289,1.098612289
55,40,1.098612289,2.079441542,0.693147181
56,40,1.386294361,1.945910149,0
57,40,1.791759469,2.079441542,0.693147181
58,40,2.397895273,1.386294361,0.693147181
59,40,3.258096538,0.693147181,0.693147181
60,40,1.609437912,0,1.386294361
61,40,1.609437912,1.386294361,0
62,40,0,0,0
63,40,1.098612289,0,0.693147181
0,41,0,0,0
1,41,0,0,0
2,41,0,0,0
3,41,0,0,0
4,41,0,0,0
5,41,4.077537444,0,0
6,41,3.850147602,0,0
7,41,3.970291914,0,0
8,41,1.945910149,1.945910149,0.693147181
9,41,2.995732274,0,0
10,41,3.610917913,1.791759469,0
11,41,3.970291914,1.098612289,0
12,41,2.63905733,0.693147181,0.693147181
13,41,2.944438979,1.791759469,0
14,41,2.890371758,0,0
15,41,2.772588722,1.609437912,0
16,41,1.386294361,1.386294361,0
17,41,2.079441542,1.098612289,0
18,41,0.693147181,2.302585093,0
19,41,1.098612289,2.708050201,0
20,41,1.609437912,1.945910149,1.386294361
21,41,0,1.609437912,1.609437912
22,41,0,0,2.944438979
23,41,0,0,1.945910149
24,41,0.693147181,0,1.386294361
25,41,1.098612289,0,1.945910149
26,41,0,0,2.63905733
27,41,0,0,0
28,41,0,0,2.302585093
29,41,0,0,0
30,41,0,0,0
31,41,0,0,0
32,41,0,0,0
33,41,0,0,0
34,41,0,0,0
35,41,0,0,0
36,41,0,0,0
37,41,0,0,0
38,41,0,0,0
39,41,0,0,0
40,41,0,0,0
41,41,0,0,0
42,41,0,0,0
43,41,0.693147181,0,2.48490665
44,41,1.098612289,0,1.791759469
45,41,0,0,2.397895273
46,41,0,0,3.401197382
47,41,1.098612289,1.098612289,2.564949357
48,41,1.386294361,1.609437912,1.098612289
49,41,1.098612289,1.791759469,0.693147181
50,41,1.098612289,2.079441542,0.693147181
51,41,1.609437912,0.693147181,0.693147181
52,41,0.693147181,1.945910149,0
53,41,1.386294361,1.098612289,0
54,41,1.386294361,1.791759469,1.098612289
55,41,1.098612289,1.791759469,0.693147181
56,41,2.302585093,0.693147181,0.693147181
57,41,2.197224577,0.693147181,0.693147181
58,41,1.791759469,1.386294361,0.693147181
59,41,2.48490665,0.693147181,1.609437912
60,41,2.397895273,1.098612289,0
61,41,2.772588722,1.098612289,1.609437912
62,41,1.945910149,1.386294361,0
63,41,1.098612289,1.098612289,0
0,42,0,0,0
1,42,0,0,0
2,42,0,0,0
3,42,0,0,0
4,42,3.091042453,0,0.693147181
5,42,3.401197382,0.693147181,0
6,42,3.36729583,0,1.386294361
7,42,1.386294361,0.693147181,0.693147181
8,42,2.397895273,1.098612289,0
9,42,3.737669618,0,0.693147181
10,42,3.713572067,1.098612289,0
11,42,3.688879454,0,0
12,42,3.465735903,1.386294361,0
13,42,3.496507561,1.386294361,0
14,42,2.833213344,0,0
15,42,2.48490665,1.945910149,0
16,42,1.609437912,0.693147181,0
17,42,2.197224577,0,0.693147181
18,42,0,2.302585093,0
19,42,0.693147181,1.609437912,0
20,42,1.098612289,2.197224577,1.386294361
21,42,0,0,1.791759469
22,42,0,0,2.48490665
23,42,0,0,1.609437912
24,42,0,0,1.945910149
25,42,0,0,1.791759469
26,42,0,0,2.564949357
27,42,0,0,0
28,42,0,0,0
29,42,0,0,0
30,42,0,0,0
31,42,0,0,0
32,42,0,0,0
33,42,0,0,0
34,42,0,0,0
35,42,0,0,0
36,42,0,0,0
37,42,0,0,0
38,42,0,0,0
39,42,0,0,0
40,42,0,0,0
41,42,0,0,0
42,42,0,0,0
43,42,1.098612289,0.693147181,2.079441542
44,42,1.098612289,0,2.079441542
45,42,0,0,1.609437912
46,42,0,0,2.890371758
47,42,0.693147181,0,1.098612289
48,42,1.098612289,2.63905733,0.693147181
49,42,1.098612289,2.197224577,1.386294361
50,42,1.098612289,1.945910149,0.693147181
51,42,1.098612289,1.609437912,1.098612289
52,42,1.098612289,0.693147181,0.693147181
53,42,1.098612289,1.386294361,1.386294361
54,42,0,2.079441542,0
55,42,0.693147181,1.098612289,1.098612289
56,42,1.791759469,1.386294361,0.693147181
57,42,1.945910149,0.693147181,0.693147181
58,42,1.945910149,1.945910149,0.693147181
59,42,2.995732274,0.693147181,0.693147181
60,42,2.197224577,1.609437912,0
61,42,1.386294361,1.609437912,0
62,42,1.609437912,0,0
63,42,1.609437912,0.693147181,1.609437912
0,43,0,0,0
1,43,0,0,0
2,43,0,0,0
3,43,0,0,0
4,43,3.988984047,0.693147181,0
5,43,3.218875825,0,0.693147181
6,43,3.295836866,0.693147181,0.693147181
7,43,3.970291914,0,0
8,43,2.890371758,0,0
9,43,3.951243719,0,0.693147181
10,43,3.526360525,0.693147181,0
11,43,3.433987204,1.098612289,0
12,43,3.295836866,0.693147181,0
13,43,3.63758616,0,0
14,43,2.944438979,0,0
15,43,3.044522438,0,0
16,43,1.386294361,1.098612289,0
17,43,0.693147181,1.791759469,0
18,43,0.693147181,2.564949357,0
19,43,0.693147181,2.48490665,1.098612289
20,43,0,2.564949357,1.098612289
21,43,0,1.386294361,2.302585093
22,43,0,0,2.995732274
23,43,0,0,1.609437912
24,43,0,0,1.386294361
25,43,0.693147181,0.693147181,1.945910149
26,43,0,0,2.48490665
27,43,0,0,2.302585093
28,43,0,0,0
29,43,0,0,0
30,43,0,0,0
31,43,0,0,0
32,43,0,0,0
33,43,0,0,0
34,43,0,0,0
35,43,0,0,0
36,43,0,0,0
37,43,0,0,0
38,43,0,0,0
39,43,0,0,0
40,43,0,0,0
41,43,0,0,0
42,43,0,0,0
43,43,0.693147181,0,2.397895273
44,43,0,0,1.609437912
45,43,0,0,2.079441542
46,43,0,0,2.48490665
47,43,1.386294361,1.098612289,1.945910149
48,43,1.098612289,1.791759469,1.791759469
49,43,1.098612289,0,0.693147181
50,43,1.098612289,1.386294361,0.693147181
51,43,1.098612289,1.791759469,0.693147181
52,43,1.098612289,2.708050201,1.386294361
53,43,1.098612289,1.609437912,0.693147181
54,43,0,2.079441542,0.693147181
55,43,1.098612289,1.386294361,0.693147181
56,43,2.772588722,1.386294361,0.693147181
57,43,2.708050201,1.386294361,0.693147181
58,43,3.33220451,0.693147181,0.693147181
59,43,2.772588722,1.609437912,0
60,43,2.890371758,0,0
61,43,2.079441542,1.386294361,0
62,43,1.386294361,0,1.098612289
63,43,1.791759469,1.098612289,0
0,44,0,0,0
1,44,0,0,0
2,44,0,0,0
3,44,0,0,0
4,44,3.828641396,0.693147181,0
5,44,3.555348061,0,0
6,44,3.091042453,1.098612289,0
7,44,3.988984047,1.098612289,0
8,44,2.772588722,0,0
9,44,2.564949357,2.197224577,0
10,44,3.401197382,1.386294361,0
11,44,3.688879454,0,0
12,44,3.526360525,0,0
13,44,3.737669618,0.693147181,0.693147181
14,44,3.663561646,0.693147181,0
15,44,3.17805383,0,0
16,44,2.63905733,1.945910149,1.098612289
17,44,1.386294361,2.197224577,0.693147181
18,44,1.098612289,2.48490665,0.693147181
19,44,1.098612289,1.945910149,0.693147181
20,44,1.098612289,2.302585093,0
21,44,0,1.791759469,2.079441542
22,44,0,0,3.135494216
23,44,0,0,2.63905733
24,44,0,0,1.791759469
25,44,0,0,2.197224577
26,44,0,0,1.609437912
27,44,1.098612289,0.693147181,1.609437912
28,44,0,0,2.63905733
29,44,0,0,0
30,44,0,0,0
31,44,0,0,0
32,44,0,0,0
33,44,0,0,0
34,44,0,0,0
35,44,0,0,0
36,44,0,0,0
37,44,0,0,0
38,44,0,0,0
39,44,0,0,0
40,44,0,0,0
41,44,0,0,0
42,44,0,0,0
43,44,0.693147181,0.693147181,2.197224577
44,44,1.098612289,0,1.386294361
45,44,0,0,1.098612289
46,44,0,0,2.833213344
47,44,1.386294361,0,2.397895273
48,44,0.693147181,0,1.098612289
49,44,1.098612289,1.386294361,0.693147181
50,44,1.791759469,0.693147181,0.693147181
51,44,1.098612289,1.098612289,0.693147181
52,44,1.098612289,1.386294361,0.693147181
53,44,1.791759469,1.098612289,0
54,44,1.609437912,0,0
55,44,2.302585093,0,1.386294361
56,44,1.791759469,0.693147181,0.693147181
57,44,1.609437912,0.693147181,0.693147181
58,44,2.833213344,0.693147181,0.693147181
59,44,0,0,0
60,44,2.48490665,1.791759469,0
61,44,1.386294361,0,1.098612289
62,44,1.791759469,1.386294361,1.791759469
63,44,1.791759469,1.386294361,1.945910149
0,45,0,0,0
1,45,0,0,0
2,45,0,0,0
3,45,0,0,0
4,45,4.17438727,0,0.693147181
5,45,4.007333185,0,1.386294361
6,45,4.007333185,0,0
7,45,3.583518938,1.098612289,0
8,45,2.890371758,1.098612289,0.693147181
9,45,2.833213344,1.098612289,0.693147181
10,45,3.80666249,0.693147181,0
11,45,3.988984047,0.693147181,0
12,45,3.465735903,0,0
13,45,2.564949357,1.098612289,0
14,45,4.094344562,0,0
15,45,3.401197382,0,0
16,45,2.833213344,1.386294361,1.098612289
17,45,2.708050201,2.302585093,0
18,45,1.386294361,1.791759469,0
19,45,0.693147181,2.079441542,0
20,45,1.098612289,2.564949357,0.693147181
21,45,1.098612289,2.079441542,0.693147181
22,45,0,0.693147181,2.890371758
23,45,0,0,2.890371758
24,45,0.693147181,0,2.708050201
25,45,0,0,3.044522438
26,45,0,0,1.098612289
27,45,0,0,1.098612289
28,45,0,0,2.48490665
29,45,0,0,2.708050201
30,45,0,0,0
31,45,0,0,0
32,45,0,0,0
33,45,0,0,0
34,45,0,0,0
35,45,0,0,0
36,45,0,0,0
37,45,0,0,0
38,45,0,0,0
39,45,0,0,0
40,45,0,0,0
41,45,0,0,0
42,45,0,0,0
43,45,0.693147181,0,2.197224577
44,45,0.693147181,0,2.079441542
45,45,0,0,1.945910149
46,45,0,0,2.079441542
47,45,0.693147181,0,2.944438979
48,45,0.693147181,0,1.609437912
49,45,1.791759469,0,1.609437912
50,45,1.098612289,1.386294361,0.693147181
51,45,1.098612289,1.386294361,0.693147181
52,45,1.098612289,1.098612289,0.693147181
53,45,0.693147181,1.098612289,0
54,45,1.609437912,1.386294361,0.693147181
55,45,2.564949357,1.386294361,0.693147181
56,45,2.63905733,1.386294361,0.693147181
57,45,2.079441542,0.693147181,0.693147181
58,45,3.044522438,0.693147181,0.693147181
59,45,3.044522438,0,0
60,45,1.945910149,0,1.098612289
61,45,2.079441542,0,1.609437912
62,45,1.609437912,1.791759469,1.098612289
63,45,0,0,0
0,46,0,0,0
1,46,0,0,0
2,46,0,0,0
3,46,0,0,0
4,46,3.970291914,1.386294361,0
5,46,3.784189634,0.693147181,0.693147181
6,46,3.784189634,0.693147181,0
7,46,3.258096538,0,0
8,46,3.17805383,1.098612289,0
9,46,2.197224577,2.079441542,0
10,46,2.708050201,0.693147181,0
11,46,3.258096538,1.386294361,0
12,46,3.33220451,0.693147181,0
13,46,3.663561646,0,0
14,46,3.63758616,1.386294361,0.693147181
15,46,2.890371758,0.693147181,0.693147181
16,46,2.890371758,1.098612289,0
17,46,2.564949357,0,0.693147181
18,46,1.609437912,1.609437912,0.693147181
19,46,1.098612289,1.945910149,0
20,46,0.693147181,1.386294361,0
21,46,0.693147181,2.079441542,1.386294361
22,46,1.386294361,2.197224577,1.791759469
23,46,0,1.945910149,2.302585093
24,46,0,0,2.995732274
25,46,0,0,3.17805383
26,46,0,0,2.302585093
27,46,0,0,1.609437912
28,46,0,0,2.197224577
29,46,0,0,2.197224577
30,46,0,0,2.708050201
31,46,0,0,0
32,46,0,0,0
33,46,0,0,0
34,46,0,0,0
35,46,0,0,0
36,46,0,0,0
37,46,0,0,0
38,46,0,0,0
39,46,0,0,0
40,46,0,0,0
41,46,0,0,0
42,46,0,0,0
43,46,0,0,0
44,46,0,0,1.098612289
45,46,1.386294361,0.693147181,0.693147181
46,46,0,0,2.302585093
47,46,0,0,2.890371758
48,46,0,0,2.48490665
49,46,0.693147181,0,2.63905733
50,46,1.386294361,0.693147181,0.693147181
51,46,1.098612289,0.693147181,1.386294361
52,46,1.098612289,0,0
53,46,1.386294361,1.098612289,0
54,46,2.302585093,0,0
55,46,2.302585093,1.098612289,0
56,46,3.526360525,0,0.693147181
57,46,3.091042453,1.098612289,0.693147181
58,46,3.433987204,0.693147181,0.693147181
59,46,2.890371758,0,0
60,46,2.197224577,1.098612289,1.609437912
61,46,1.791759469,0.693147181,0
62,46,1.098612289,1.098612289,1.791759469
63,46,0,0,0
0,47,0,0,0
1,47,0,0,0
2,47,0,0,0
3,47,4.060443011,1.098612289,0
4,47,3.63758616,0.693147181,0
5,47,3.828641396,0,0
6,47,3.135494216,0.693147181,0.693147181
7,47,4.276666119,0.693147181,0
8,47,2.995732274,1.791759469,0
9,47,2.564949357,1.098612289,0
10,47,2.833213344,0.693147181,0
11,47,3.36729583,0,0
12,47,3.17805383,1.098612289,0.693147181
13,47,3.295836866,1.609437912,0.693147181
14,47,3.433987204,1.098612289,0
15,47,3.091042453,0,0.693147181
16,47,2.564949357,1.609437912,0
17,47,3.044522438,0,0
18,47,1.791759469,1.386294361,0
19,47,0.693147181,2.079441542,0
20,47,1.098612289,2.63905733,0
21,47,0,2.63905733,0.693147181
22,47,0.693147181,1.386294361,0.693147181
23,47,0.693147181,1.609437912,0
24,47,0,1.098612289,2.63905733
25,47,0,1.098612289,2.302585093
26,47,0,0,2.944438979
27,47,0,0,2.197224577
28,47,0,0,1.791759469
29,47,0,0,1.609437912
30,47,0.693147181,0,1.945910149
31,47,0,0,2.302585093
32,47,0,0,0
33,47,0,0,0
34,47,0,0,0
35,47,0,0,0
36,47,0,0,0
37,47,0,0,0
38,47,0,0,0
39,47,0,0,0
40,47,0,0,0
41,47,0,0,0
42,47,0,0,0
43,47,0,0,0
44,47,0,0,0
45,47,0,0,2.302585093
46,47,1.386294361,0,1.791759469
47,47,0,0,1.098612289
48,47,0,0,3.044522438
49,47,1.098612289,0,3.17805383
50,47,1.386294361,0.693147181,1.609437912
51,47,0.693147181,0,0
52,47,0.693147181,1.098612289,0
53,47,1.609437912,1.098612289,1.098612289
54,47,1.609437912,1.386294361,1.386294361
55,47,2.48490665,0,0.693147181
56,47,2.397895273,1.791759469,0
57,47,2.079441542,0,0
58,47,3.258096538,0,1.098612289
59,47,2.48490665,1.945910149,0
60,47,1.609437912,1.386294361,0
61,47,1.386294361,1.386294361,0
62,47,1.609437912,1.098612289,1.386294361
63,47,0,0,0
0,48,0,0,0
1,48,0,0,0
2,48,0,0,0
3,48,4.127134385,0.693147181,0
4,48,3.761200116,0,0
5,48,3.555348061,0.693147181,0
6,48,4.317488114,0.693147181,0
7,48,3.761200116,0,0.693147181
8,48,3.496507561,1.098612289,0
9,48,3.36729583,0,0
10,48,1.791759469,1.386294361,0.693147181
11,48,2.944438979,1.609437912,0
12,48,3.737669618,0.693147181,0.693147181
13,48,3.17805383,0,1.098612289
14,48,3.555348061,0,0
15,48,3.526360525,0,0
16,48,3.737669618,0,0
17,48,3.17805383,0.693147181,0.693147181
18,48,1.098612289,0.693147181,0.693147181
19,48,2.890371758,1.791759469,0
20,48,1.609437912,2.079441542,1.098612289
21,48,0,2.890371758,0.693147181
22,48,1.386294361,1.945910149,1.098612289
23,48,1.098612289,2.397895273,0
24,48,1.098612289,2.197224577,1.098612289
25,48,0.693147181,2.48490665,1.609437912
26,48,0,1.098612289,2.397895273
27,48,0,0,2.995732274
28,48,0,0,2.564949357
29,48,0,0,2.079441542
30,48,0,0,1.609437912
31,48,0,0,2.564949357
32,48,0,0,0
33,48,0,0,0
34,48,0,0,0
35,48,0,0,0
36,48,0,0,0
37,48,0,0,0
38,48,0,0,0
39,48,0,0,0
40,48,0,0,0
41,48,0,0,0
42,48,0,0,0
43,48,0,0,0
44,48,0,0,2.48490665
45,48,1.945910149,0.693147181,1.609437912
46,48,1.386294361,0.693147181,0.693147181
47,48,0,0,1.791759469
48,48,0,0,2.708050201
49,48,0.693147181,0,2.397895273
50,48,1.098612289,0,0.693147181
51,48,1.098612289,2.079441542,0.693147181
52,48,1.098612289,0,1.386294361
53,48,1.386294361,0,1.098612289
54,48,1.945910149,0,0
55,48,2.197224577,1.098612289,0
56,48,2.197224577,0,0
57,48,1.609437912,0,0.693147181
58,48,2.995732274,0.693147181,0.693147181
59,48,3.044522438,0,0.693147181
60,48,2.890371758,1.098612289,0
61,48,2.564949357,1.609437912,1.791759469
62,48,0,0,1.098612289
63,48,2.079441542,0.693147181,1.945910149
0,49,0,0,0
1,49,0,0,0
2,49,0,0,0
3,49,4.127134385,0.693147181,0
4,49,3.850147602,0,0
5,49,4.418840608,1.098612289,0
6,49,3.871201011,0.693147181,0
7,49,3.871201011,0.693147181,0
8,49,3.891820298,0.693147181,0.693147181
9,49,3.951243719,0.693147181,0
10,49,2.890371758,1.098612289,0
11,49,3.33220451,0,0.693147181
12,49,2.890371758,1.098612289,0
13,49,3.433987204,0,0
14,49,3.496507561,0.693147181,0
15,49,3.258096538,0.693147181,0
16,49,2.995732274,0,0
17,49,2.995732274,0,0
18,49,3.465735903,0.693147181,0.693147181
19,49,1.945910149,1.609437912,1.098612289
20,49,1.386294361,1.386294361,1.098612289
21,49,0,2.833213344,1.098612289
22,49,0,2.079441542,0.693147181
23,49,1.098612289,2.197224577,1.098612289
24,49,0.693147181,3.091042453,1.386294361
25,49,1.098612289,2.079441542,0.693147181
26,49,0,1.791759469,1.791759469
27,49,1.098612289,1.609437912,2.302585093
28,49,0,0,2.833213344
29,49,0,0,3.17805383
30,49,0,0,1.609437912
31,49,0,0,2.48490665
32,49,0.693147181,0,2.890371758
33,49,0,0,0
34,49,0,0,0
35,49,0,0,0
36,49,0,0,0
37,49,0,0,0
38,49,0,0,0
39,49,0,0,0
40,49,0,0,0
41,49,0,0,0
42,49,0,0,0
43,49,0,0,0
44,49,0.693147181,0.693147181,2.48490665
45,49,1.386294361,0.693147181,0.693147181
46,49,0,0,1.098612289
47,49,0,0,2.397895273
48,49,0,0,2.944438979
49,49,0.693147181,1.791759469,2.772588722
50,49,1.098612289,1.386294361,1.945910149
51,49,1.098612289,2.302585093,1.386294361
52,49,1.609437912,1.609437912,1.098612289
53,49,1.098612289,2.197224577,0
54,49,2.079441542,0,0
55,49,3.091042453,0,0
56,49,2.944438979,0,0
57,49,2.079441542,0.693147181,1.098612289
58,49,3.761200116,0,0.693147181
59,49,3.295836866,0,0.693147181
60,49,3.433987204,0,0
61,49,2.772588722,0,1.791759469
62,49,1.609437912,0,0.693147181
63,49,1.386294361,1.098612289,1.609437912
0,50,0,0,0
1,50,0,0,0
2,50,0,0,0
3,50,4.043051268,1.386294361,0.693147181
4,50,3.526360525,0.693147181,0
5,50,3.80666249,1.386294361,0
6,50,3.737669618,0.693147181,0
7,50,3.583518938,1.098612289,0
8,50,3.80666249,0,0
9,50,3.17805383,0.693147181,0.693147181
10,50,3.135494216,1.098612289,0
11,50,2.63905733,0.693147181,0
12,50,3.401197382,0,0
13,50,3.737669618,1.098612289,0.693147181
14,50,3.218875825,1.609437912,0
15,50,3.044522438,1.945910149,0.693147181
16,50,3.135494216,0,0
17,50,2.890371758,0,0
18,50,3.17805383,1.098612289,0
19,50,3.091042453,1.386294361,0.693147181
20,50,2.197224577,0,1.098612289
21,50,1.386294361,1.945910149,0
22,50,0.693147181,2.302585093,0.693147181
23,50,0,1.945910149,1.098612289
24,50,1.791759469,1.945910149,0.693147181
25,50,0.693147181,2.63905733,2.197224577
26,50,0,1.609437912,0.693147181
27,50,1.098612289,0.693147181,1.386294361
28,50,0.693147181,0.693147181,2.48490665
29,50,0,0,3.401197382
30,50,0,0,1.791759469
31,50,0,0.693147181,1.791759469
32,50,0,0,2.48490665
33,50,0,0,0
34,50,0,0,0
35,50,0,0,0
36,50,0,0,0
37,50,0,0,0
38,50,0,0,0
39,50,0,0,0
40,50,0,0,0
41,50,0,0,0
42,50,0,0,0
43,50,0,0,0
44,50,0,0,0
45,50,1.098612289,0,1.791759469
46,50,0,0,1.945910149
47,50,0,0,2.772588722
48,50,0,0.693147181,2.995732274
49,50,1.791759469,1.386294361,1.386294361
50,50,1.098612289,1.098612289,1.609437912
51,50,1.609437912,1.098612289,0
52,50,1.791759469,1.098612289,0
53,50,0.693147181,0,0
54,50,2.302585093,0,1.098612289
55,50,2.302585093,1.098612289,0
56,50,3.33220451,0,0
57,50,3.496507561,1.098612289,0
58,50,3.63758616,0,1.098612289
59,50,3.688879454,0,0
60,50,3.258096538,1.609437912,0.693147181
61,50,2.890371758,0.693147181,1.609437912
62,50,2.079441542,0.693147181,1.098612289
63,50,1.386294361,1.098612289,1.791759469
0,51,0,0,0
1,51,0,0,0
2,51,0,0,0
3,51,0,0,0
4,51,4.564348191,0,0
5,51,3.737669618,0,0
6,51,3.465735903,0,0
7,51,3.713572067,0.693147181,0
8,51,3.433987204,0.693147181,0
9,51,3.555348061,0,0
10,51,2.079441542,1.945910149,0
11,51,1.386294361,1.791759469,0.693147181
12,51,3.496507561,0.693147181,1.386294361
13,51,2.890371758,0,0
14,51,3.135494216,0.693147181,0
15,51,3.295836866,0.693147181,0.693147181
16,51,2.197224577,1.098612289,0
17,51,2.48490665,0.693147181,0
18,51,3.218875825,0,0.693147181
19,51,2.708050201,0.693147181,1.098612289
20,51,2.079441542,0.693147181,1.386294361
21,51,2.079441542,1.098612289,2.079441542
22,51,0,2.63905733,1.386294361
23,51,1.098612289,1.386294361,1.609437912
24,51,1.386294361,1.098612289,0.693147181
25,51,0,2.995732274,1.609437912
26,51,0.693147181,1.791759469,1.098612289
27,51,0.693147181,1.945910149,0
28,51,0.693147181,1.386294361,2.48490665
29,51,0,0,3.135494216
30,51,0,0,1.098612289
31,51,0,0,2.772588722
32,51,0.693147181,0.693147181,2.48490665
33,51,0.693147181,0,2.079441542
34,51,0,0,0
35,51,1.098612289,1.098612289,2.079441542
36,51,0,0,0
37,51,0,0,0
38,51,0,0,0
39,51,0,0,0
40,51,0,0,0
41,51,0,0,0
42,51,0,0,0
43,51,0,0,0
44,51,0,0,1.609437912
45,51,1.386294361,0.693147181,0.693147181
46,51,0.693147181,0,1.791759469
47,51,0,0,2.890371758
48,51,1.098612289,1.791759469,1.386294361
49,51,1.945910149,0.693147181,0.693147181
50,51,1.098612289,2.197224577,0
51,51,1.386294361,1.791759469,0
52,51,1.791759469,0,0
53,51,1.791759469,0,1.098612289
54,51,2.079441542,0,0.693147181
55,51,2.564949357,1.791759469,0.693147181
56,51,1.386294361,1.609437912,0.693147181
57,51,2.944438979,1.098612289,0
58,51,3.433987204,0,0.693147181
59,51,3.610917913,1.098612289,0
60,51,3.496507561,1.098612289,0
61,51,3.36729583,1.098612289,1.098612289
62,51,2.48490665,1.386294361,2.302585093
63,51,0,0,0
0,52,0,0,0
1,52,0,0,0
2,52,0,0,0
3,52,0,0,0
4,52,3.63758616,0,0
5,52,3.555348061,0,0
6,52,3.63758616,1.386294361,0
7,52,3.091042453,0,0
8,52,3.135494216,1.098612289,0
9,52,3.555348061,0,0
10,52,3.258096538,1.098612289,0
11,52,2.079441542,0,0
12,52,2.833213344,0.693147181,0
13,52,1.945910149,1.791759469,0
14,52,3.295836866,1.945910149,0
15,52,3.044522438,0,1.098612289
16,52,3.295836866,0.693147181,1.098612289
17,52,3.17805383,0.693147181,1.098612289
18,52,3.218875825,0,1.386294361
19,52,2.708050201,0,0
20,52,2.890371758,1.098612289,0.693147181
21,52,2.564949357,1.098612289,2.079441542
22,52,0.693147181,2.302585093,0
23,52,0,2.63905733,0.693147181
24,52,1.386294361,0.693147181,0
25,52,0,2.772588722,1.791759469
26,52,0,1.945910149,1.098612289
27,52,0.693147181,1.791759469,1.609437912
28,52,0.693147181,0.693147181,2.772588722
29,52,0,0,2.63905733
30,52,0,0,1.945910149
31,52,0,0,2.197224577
32,52,0,0,2.772588722
33,52,1.098612289,1.098612289,1.945910149
34,52,1.098612289,0,1.791759469
35,52,2.079441542,0,1.098612289
36,52,1.945910149,0,2.48490665
37,52,0.693147181,0,2.197224577
38,52,0,0,0
39,52,1.098612289,0,2.302585093
40,52,0,0,0
41,52,0,0,0
42,52,0,0,0
43,52,0.693147181,0,2.079441542
44,52,1.098612289,0.693147181,1.791759469
45,52,0,0,1.098612289
46,52,0,0,2.708050201
47,52,0,0,2.944438979
48,52,1.098612289,1.609437912,1.945910149
49,52,1.098612289,0,0.693147181
50,52,1.098612289,1.945910149,0
51,52,0.693147181,1.386294361,0
52,52,1.609437912,1.098612289,0
53,52,1.945910149,1.609437912,0
54,52,2.564949357,1.609437912,1.098612289
55,52,3.433987204,1.386294361,1.098612289
56,52,3.091042453,0,0
57,52,2.302585093,1.386294361,0.693147181
58,52,3.583518938,1.386294361,0
59,52,2.833213344,1.386294361,0
60,52,3.610917913,0,1.098612289
61,52,2.197224577,1.098612289,0.693147181
62,52,2.48490665,0,2.197224577
63,52,0,0,0
0,53,0,0,0
1,53,0,0,0
2,53,0,0,0
3,53,0,0,0
4,53,3.63758616,0.693147181,0
5,53,4.007333185,1.098612289,0
6,53,3.555348061,0,0
7,53,3.610917913,0,0
8,53,3.688879454,0,0.693147181
9,53,3.401197382,0,0
10,53,3.33220451,1.098612289,0
11,53,3.433987204,0.693147181,0.693147181
12,53,2.833213344,1.609437912,0
13,53,1.609437912,0.693147181,1.386294361
14,53,3.135494216,0.693147181,0
15,53,3.044522438,1.609437912,0
16,53,2.564949357,1.386294361,0
17,53,2.63905733,1.386294361,1.098612289
18,53,2.944438979,0.693147181,0.693147181
19,53,3.135494216,1.098612289,0.693147181
20,53,3.091042453,1.609437912,0.693147181
21,53,2.079441542,1.098612289,0.693147181
22,53,0,1.791759469,0.693147181
23,53,0.693147181,2.564949357,1.098612289
24,53,1.386294361,1.609437912,1.098612289
25,53,1.791759469,2.197224577,1.098612289
26,53,1.098612289,2.079441542,0.693147181
27,53,0,1.098612289,2.397895273
28,53,0,0,2.63905733
29,53,0,0,1.609437912
30,53,0.693147181,0,2.564949357
31,53,0,0,2.397895273
32,53,0.693147181,0,2.564949357
33,53,0,0.693147181,1.945910149
34,53,0,0,1.386294361
35,53,0,0,2.772588722
36,53,1.098612289,0,1.386294361
37,53,0.693147181,0,1.098612289
38,53,0.693147181,0,2.079441542
39,53,0,0,1.609437912
40,53,0,0,0
41,53,0,0,0
42,53,0,0,0
43,53,0,0,1.945910149
44,53,1.609437912,0.693147181,1.945910149
45,53,0,0,1.791759469
46,53,0,0,2.302585093
47,53,0.693147181,1.098612289,2.708050201
48,53,1.791759469,0,0.693147181
49,53,0.693147181,1.791759469,0
50,53,1.386294361,1.791759469,0
51,53,1.791759469,0,1.386294361
52,53,1.791759469,1.098612289,0
53,53,2.397895273,1.098612289,0
54,53,3.465735903,1.098612289,0
55,53,3.044522438,0.693147181,0.693147181
56,53,3.526360525,1.098612289,1.098612289
57,53,3.17805383,1.098612289,0
58,53,2.397895273,1.386294361,0
59,53,2.63905733,1.609437912,0
60,53,2.564949357,0.693147181,0
61,53,2.708050201,0,1.386294361
62,53,0,0,0
63,53,0,0,0
0,54,0,0,0
1,54,0,0,0
2,54,0,0,0
3,54,0,0,0
4,54,0,0,0
5,54,2.890371758,1.098612289,0
6,54,4.248495242,0.693147181,0
7,54,3.526360525,1.098612289,0
8,54,3.850147602,0.693147181,0.693147181
9,54,3.555348061,1.386294361,0
10,54,3.555348061,1.386294361,0.693147181
11,54,3.135494216,0,0.693147181
12,54,3.091042453,1.098612289,1.098612289
13,54,3.433987204,0,0
14,54,3.091042453,1.386294361,0
15,54,3.526360525,0,0
16,54,3.737669618,1.098612289,0
17,54,3.663561646,1.098612289,0.693147181
18,54,2.995732274,1.098612289,0
19,54,4.158883083,1.609437912,0
20,54,3.496507561,1.609437912,0.693147181
21,54,1.609437912,1.791759469,1.098612289
22,54,1.098612289,2.890371758,0
23,54,0.693147181,2.48490665,1.098612289
24,54,1.386294361,2.302585093,1.098612289
25,54,0,2.079441542,1.609437912
26,54,0.693147181,2.63905733,0.693147181
27,54,0,1.098612289,2.890371758
28,54,0,0,2.197224577
29,54,0.693147181,0,1.791759469
30,54,0.693147181,0,1.945910149
31,54,0,0,2.564949357
32,54,1.386294361,0,2.079441542
33,54,0,0,1.098612289
34,54,0,0,3.091042453
35,54,0.693147181,0,2.48490665
36,54,0,0,3.044522438
37,54,0,0,3.091042453
38,54,0.693147181,0,1.098612289
39,54,1.386294361,0.693147181,0.693147181
40,54,0,0,0
41,54,0,0,0
42,54,1.386294361,0,1.609437912
43,54,0,0,0
44,54,1.386294361,0.693147181,0.693147181
45,54,0,0,1.098612289
46,54,0,0,2.302585093
47,54,0,0.693147181,2.564949357
48,54,1.609437912,0,1.386294361
49,54,0.693147181,1.791759469,0
50,54,0.693147181,2.079441542,0
51,54,1.791759469,1.609437912,0
52,54,1.386294361,1.791759469,0
53,54,2.833213344,1.386294361,0.693147181
54,54,3.17805383,1.609437912,0
55,54,3.737669618,0,0
56,54,3.465735903,1.386294361,0
57,54,3.610917913,0,0.693147181
58,54,2.63905733,1.098612289,0.693147181
59,54,3.526360525,1.791759469,0.693147181
60,54,3.091042453,0.693147181,1.098612289
61,54,3.17805383,0,1.609437912
62,54,2.63905733,0.693147181,1.791759469
63,54,0,0,0
0,55,0,0,0
1,55,0,0,0
2,55,0,0,0
3,55,0,0,0
4,55,0,0,0
5,55,0,0,0
6,55,4.369447852,0.693147181,0
7,55,4.406719247,0,0
8,55,3.526360525,1.098612289,0
9,55,3.828641396,0.693147181,0.693147181
10,55,3.663561646,0.693147181,0
11,55,3.63758616,0.693147181,0.693147181
12,55,3.091042453,1.098612289,0
13,55,3.218875825,0,0.693147181
14,55,3.135494216,1.098612289,0
15,55,2.63905733,1.098612289,0
16,55,3.496507561,1.098612289,0.693147181
17,55,3.258096538,0,0
18,55,3.401197382,0.693147181,0.693147181
19,55,3.912023005,0,0
20,55,3.258096538,0.693147181,0.693147181
21,55,2.708050201,0.693147181,1.098612289
22,55,1.791759469,2.564949357,1.098612289
23,55,1.386294361,2.48490665,1.098612289
24,55,1.098612289,2.708050201,1.386294361
25,55,1.609437912,2.302585093,1.386294361
26,55,0.693147181,2.302585093,1.609437912
27,55,0,0,3.17805383
28,55,0,0,0.693147181
29,55,0,0,1.945910149
30,55,0,0.693147181,2.197224577
31,55,0.693147181,0,2.079441542
32,55,0.693147181,0,1.791759469
33,55,0,0,2.197224577
34,55,0,0,2.772588722
35,55,0.693147181,0,2.48490665
36,55,0.693147181,0.693147181,2.772588722
37,55,0,0,3.091042453
38,55,0,0,1.791759469
39,55,0,0,1.098612289
40,55,1.098612289,0,2.302585093
41,55,0,0,2.197224577
42,55,0.693147181,0,1.386294361
43,55,0,0,0.693147181
44,55,0,0,1.609437912
45,55,0.693147181,0,3.044522438
46,55,0,0,3.044522438
47,55,0.693147181,1.609437912,1.098612289
48,55,1.791759469,1.791759469,0.693147181
49,55,0.693147181,1.386294361,1.098612289
50,55,1.386294361,2.397895273,0
51,55,1.791759469,1.609437912,0
52,55,1.791759469,1.098612289,0
53,55,3.091042453,0,0.693147181
54,55,2.944438979,0,0
55,55,3.663561646,0,0
56,55,3.218875825,0,0.693147181
57,55,2.890371758,0,0
58,55,2.772588722,0.693147181,0.693147181
59,55,3.828641396,0.693147181,0
60,55,3.891820298,1.098612289,0.693147181
61,55,3.526360525,0.693147181,1.386294361
62,55,2.708050201,0.693147181,1.098612289
63,55,2.302585093,1.791759469,1.098612289
0,56,0,0,0
1,56,0,0,0
2,56,0,0,0
3,56,0,0,0
4,56,0,0,0
5,56,0,0,0
6,56,4.219507705,0,0
7,56,4.418840608,0,0
8,56,3.891820298,0,0.693147181
9,56,4.356708827,1.098612289,0.693147181
10,56,3.401197382,1.098612289,0.693147181
11,56,3.496507561,1.386294361,0.693147181
12,56,3.688879454,1.386294361,0.693147181
13,56,3.17805383,1.098612289,0.693147181
14,56,3.044522438,0,0.693147181
15,56,3.526360525,0.693147181,0.693147181
16,56,3.526360525,1.098612289,0.693147181
17,56,3.295836866,1.386294361,0.693147181
18,56,3.258096538,0.693147181,0.693147181
19,56,3.17805383,1.098612289,0.693147181
20,56,4.17438727,0,0
21,56,3.970291914,0.693147181,1.386294361
22,56,3.135494216,1.609437912,1.098612289
23,56,1.386294361,1.945910149,1.791759469
24,56,1.098612289,2.890371758,1.609437912
25,56,1.386294361,2.197224577,1.098612289
26,56,1.098612289,2.397895273,1.609437912
27,56,0,0.693147181,2.708050201
28,56,0,0,2.397895273
29,56,0,0,1.098612289
30,56,0.693147181,0,1.791759469
31,56,0,0,1.791759469
32,56,0,0,1.386294361
33,56,0,0,2.63905733
34,56,0,0,2.079441542
35,56,0.693147181,1.386294361,1.609437912
36,56,0.693147181,1.098612289,1.945910149
37,56,0,1.791759469,1.791759469
38,56,0,0,2.197224577
39,56,0,0,1.098612289
40,56,1.386294361,0.693147181,0.693147181
41,56,0.693147181,0,1.098612289
42,56,0.693147181,0.693147181,1.386294361
43,56,0,0,2.079441542
44,56,0.693147181,0,2.63905733
45,56,0,0.693147181,2.197224577
46,56,0,1.791759469,2.397895273
47,56,1.098612289,0.693147181,0
48,56,0.693147181,1.386294361,0
49,56,1.609437912,1.791759469,0
50,56,2.197224577,1.098612289,0
51,56,2.708050201,0,0
52,56,2.564949357,1.609437912,0
53,56,2.63905733,0,1.791759469
54,56,3.465735903,0.693147181,0.693147181
55,56,3.610917913,1.386294361,1.609437912
56,56,3.555348061,0,0
57,56,3.433987204,0,0
58,56,3.871201011,0,0
59,56,4.025351691,0.693147181,0
60,56,3.828641396,0,0.693147181
61,56,2.890371758,0,1.386294361
62,56,3.044522438,1.098612289,0.693147181
63,56,3.218875825,1.386294361,0.693147181
0,57,0,0,0
1,57,0,0,0
2,57,0,0,0
3,57,0,0,0
4,57,0,0,0
5,57,0,0,0
6,57,3.135494216,0.693147181,0
7,57,4.007333185,0,0
8,57,4.17438727,0,0.693147181
9,57,4.248495242,0.693147181,0
10,57,3.891820298,0,0
11,57,4.060443011,0.693147181,0
12,57,3.496507561,0,0.693147181
13,57,3.433987204,0.693147181,0
14,57,3.091042453,0,0
15,57,3.401197382,0.693147181,0.693147181
16,57,3.737669618,0,0
17,57,3.044522438,1.386294361,0
18,57,3.258096538,0.693147181,0
19,57,3.583518938,0,0.693147181
20,57,3.496507561,1.098612289,0.693147181
21,57,3.688879454,0,1.098612289
22,57,3.663561646,1.098612289,1.386294361
23,57,3.496507561,1.386294361,0.693147181
24,57,1.945910149,1.098612289,1.609437912
25,57,1.945910149,1.098612289,1.098612289
26,57,0.693147181,1.945910149,1.386294361
27,57,0,1.386294361,2.397895273
28,57,0,0,3.135494216
29,57,0,0,3.044522438
30,57,0,0,1.386294361
31,57,0,0,1.386294361
32,57,0,0,2.397895273
33,57,0,0,2.833213344
34,57,0,0.693147181,1.609437912
35,57,0.693147181,1.791759469,1.098612289
36,57,1.386294361,1.098612289,1.386294361
37,57,0,0.693147181,1.609437912
38,57,0,0,2.48490665
39,57,0,0,2.772588722
40,57,0,0,1.386294361
41,57,0,0,0.693147181
42,57,0,0,2.302585093
43,57,0,1.386294361,2.890371758
44,57,1.386294361,1.098612289,1.609437912
45,57,0,2.48490665,1.945910149
46,57,0.693147181,2.63905733,1.098612289
47,57,0,1.098612289,1.386294361
48,57,1.609437912,1.386294361,1.386294361
49,57,1.609437912,1.098612289,0
50,57,1.609437912,1.609437912,0
51,57,2.079441542,1.791759469,0.693147181
52,57,2.564949357,1.386294361,0.693147181
53,57,3.36729583,0,0.693147181
54,57,3.135494216,1.098612289,0
55,57,3.555348061,0,0
56,57,3.610917913,0,0
57,57,3.713572067,0,0
58,57,3.761200116,0,0
59,57,3.912023005,0,0
60,57,3.258096538,0,0.693147181
61,57,3.401197382,0.693147181,0.693147181
62,57,3.583518938,1.098612289,1.609437912
63,57,3.135494216,0,1.386294361
0,58,0,0,0
1,58,0,0,0
2,58,0,0,0
3,58,0,0,0
4,58,0,0,0
5,58,0,0,0
6,58,3.401197382,0,0.693147181
7,58,4.700480366,0,0
8,58,4.248495242,0.693147181,0.693147181
9,58,4.343805422,0,0
10,58,4.317488114,0.693147181,0
11,58,4.007333185,0.693147181,0.693147181
12,58,3.688879454,0.693147181,0
13,58,3.433987204,1.386294361,0.693147181
14,58,3.931825633,1.098612289,0
15,58,3.761200116,0.693147181,0
16,58,2.772588722,1.386294361,1.098612289
17,58,2.48490665,1.098612289,0.693147181
18,58,3.091042453,1.945910149,0.693147181
19,58,4.077537444,0,1.098612289
20,58,3.044522438,1.098612289,0
21,58,3.496507561,0.693147181,1.098612289
22,58,0,0,0
23,58,3.912023005,0,0.693147181
24,58,1.945910149,1.609437912,0.693147181
25,58,2.397895273,0.693147181,0.693147181
26,58,0.693147181,1.791759469,1.098612289
27,58,1.386294361,2.197224577,2.197224577
28,58,0,1.791759469,1.791759469
29,58,0,1.098612289,1.945910149
30,58,0,0,2.833213344
31,58,0,0,2.833213344
32,58,0,0,2.944438979
33,58,0.693147181,1.098612289,2.197224577
34,58,0.693147181,1.098612289,1.945910149
35,58,0.693147181,0,1.386294361
36,58,0.693147181,0,1.609437912
37,58,0.693147181,1.791759469,1.609437912
38,58,0,0,2.833213344
39,58,0,0,3.135494216
40,58,0,0,2.302585093
41,58,0,0,2.772588722
42,58,0,0,2.302585093
43,58,0.693147181,2.197224577,1.386294361
44,58,0.693147181,2.079441542,1.791759469
45,58,0,1.945910149,0.693147181
46,58,1.098612289,2.397895273,0.693147181
47,58,2.079441542,0,1.098612289
48,58,1.791759469,1.386294361,0
49,58,2.397895273,1.386294361,0.693147181
50,58,2.397895273,1.386294361,0.693147181
51,58,2.564949357,0,0
52,58,3.17805383,1.386294361,0.693147181
53,58,2.48490665,0.693147181,0.693147181
54,58,3.737669618,0,0
55,58,3.663561646,0,0.693147181
56,58,3.135494216,0,0.693147181
57,58,3.713572067,0,0.693147181
58,58,3.36729583,1.098612289,0.693147181
59,58,2.944438979,0,0.693147181
60,58,3.401197382,0,0
61,58,3.36729583,1.098612289,1.609437912
62,58,3.610917913,0,0.693147181
63,58,3.135494216,0.693147181,1.386294361
0,59,0,0,0
1,59,0,0,0
2,59,0,0,0
3,59,0,0,0
4,59,0,0,0
5,59,0,0,0
6,59,0,0,0
7,59,4.442651256,0,0
8,59,4.430816799,0,0
9,59,4.762173935,0,0
10,59,4.262679877,1.098612289,0
11,59,4.753590191,0.693147181,0.693147181
12,59,3.663561646,1.098612289,0
13,59,3.80666249,0.693147181,0
14,59,3.555348061,0.693147181,0
15,59,3.784189634,0.693147181,0
16,59,3.33220451,0.693147181,0.693147181
17,59,3.17805383,1.098612289,1.386294361
18,59,3.401197382,0,1.098612289
19,59,3.36729583,0.693147181,0.693147181
20,59,3.17805383,0,0.693147181
21,59,3.17805383,1.609437912,0.693147181
22,59,3.258096538,1.098612289,0.693147181
23,59,3.401197382,0,0
24,59,2.397895273,1.386294361,0.693147181
25,59,3.36729583,0.693147181,0.693147181
26,59,1.945910149,1.609437912,0.693147181
27,59,1.609437912,1.791759469,1.945910149
28,59,0,1.386294361,2.197224577
29,59,0,2.197224577,1.098612289
30,59,0,2.302585093,1.791759469
31,59,1.791759469,1.791759469,0.693147181
32,59,1.098612289,1.609437912,2.197224577
33,59,1.098612289,2.079441542,1.609437912
34,59,1.098612289,0,1.386294361
35,59,0,1.609437912,0.693147181
36,59,1.098612289,1.386294361,0
37,59,0.693147181,1.945910149,0
38,59,0.693147181,2.079441542,1.098612289
39,59,0.693147181,2.708050201,0
40,59,0,1.098612289,3.135494216
41,59,0,1.791759469,1.609437912
42,59,1.386294361,1.386294361,2.302585093
43,59,1.098612289,1.945910149,0
44,59,0.693147181,2.079441542,1.098612289
45,59,0.693147181,1.386294361,1.098612289
46,59,1.098612289,0.693147181,1.386294361
47,59,1.609437912,1.609437912,0
48,59,2.302585093,2.302585093,0
49,59,2.63905733,0,0.693147181
50,59,2.833213344,0,0
51,59,3.36729583,0.693147181,0
52,59,0,0,0
53,59,3.713572067,1.098612289,0
54,59,3.258096538,1.098612289,0
55,59,3.891820298,0,1.386294361
56,59,3.80666249,0.693147181,0.693147181
57,59,2.995732274,0,0
58,59,3.33220451,0.693147181,0.693147181
59,59,2.63905733,1.098612289,0.693147181
60,59,3.663561646,1.386294361,0.693147181
61,59,3.218875825,1.609437912,0
62,59,3.583518938,1.098612289,0
63,59,2.995732274,0,1.386294361
0,60,0,0,0
1,60,0,0,0
2,60,0,0,0
3,60,0,0,0
4,60,0,0,0
5,60,0,0,0
6,60,0,0,0
7,60,0,0,0
8,60,4.634728988,0,0
9,60,4.110873864,0.693147181,0
10,60,4.543294782,0,0
11,60,4.204692619,0,0
12,60,3.17805383,0,0
13,60,3.36729583,0,0.693147181
14,60,3.850147602,0.693147181,0
15,60,3.526360525,0.693147181,0.693147181
16,60,2.833213344,1.386294361,0
17,60,2.995732274,0.693147181,0.693147181
18,60,3.555348061,1.098612289,0
19,60,3.663561646,0.693147181,0.693147181
20,60,2.708050201,0,0
21,60,3.258096538,0,0.693147181
22,60,3.465735903,0,0.693147181
23,60,3.663561646,0.693147181,0.693147181
24,60,3.17805383,1.098612289,0.693147181
25,60,3.401197382,0.693147181,0
26,60,2.708050201,1.098612289,0.693147181
27,60,1.791759469,2.079441542,0.693147181
28,60,1.386294361,0.693147181,1.791759469
29,60,1.609437912,1.609437912,1.791759469
30,60,0.693147181,2.197224577,1.609437912
31,60,0,2.079441542,0.693147181
32,60,1.098612289,2.079441542,1.098612289
33,60,0.693147181,2.564949357,1.098612289
34,60,0.693147181,1.609437912,0.693147181
35,60,0.693147181,1.098612289,1.098612289
36,60,1.386294361,1.791759469,1.098612289
37,60,1.386294361,1.098612289,0
38,60,0.693147181,2.197224577,1.098612289
39,60,0.693147181,1.945910149,0
40,60,0.693147181,2.48490665,1.098612289
41,60,0,1.609437912,1.386294361
42,60,0.693147181,1.945910149,0
43,60,0.693147181,1.386294361,0
44,60,1.098612289,2.302585093,0
45,60,2.708050201,0,0
46,60,2.63905733,0,1.791759469
47,60,2.772588722,0,0.693147181
48,60,2.397895273,0,0
49,60,2.890371758,0.693147181,1.609437912
50,60,3.401197382,0,1.098612289
51,60,3.401197382,0,0.693147181
52,60,3.433987204,0,0
53,60,3.433987204,0,0
54,60,3.63758616,0,0
55,60,3.663561646,0,0
56,60,3.33220451,0,0.693147181
57,60,3.218875825,0,0
58,60,2.995732274,0,1.098612289
59,60,3.891820298,0,1.386294361
60,60,3.663561646,1.098612289,0
61,60,3.17805383,0,0.693147181
62,60,2.772588722,0,0.693147181
63,60,2.63905733,0,1.098612289
0,61,0,0,0
1,61,0,0,0
2,61,0,0,0
3,61,0,0,0
4,61,0,0,0
5,61,0,0,0
6,61,0,0,0
7,61,0,0,0
8,61,0,0,0
9,61,0,0,0
10,61,3.931825633,0.693147181,0
11,61,4.49980967,0.693147181,0
12,61,4.158883083,0.693147181,0
13,61,4.343805422,0,0
14,61,4.077537444,0.693147181,0.693147181
15,61,3.912023005,0.693147181,0
16,61,3.33220451,0,0.693147181
17,61,2.833213344,0,0
18,61,1.791759469,0,0.693147181
19,61,1.945910149,1.386294361,0
20,61,3.218875825,0.693147181,0.693147181
21,61,2.302585093,1.098612289,0
22,61,3.044522438,0.693147181,0
23,61,3.761200116,1.098612289,1.098612289
24,61,2.772588722,0.693147181,1.098612289
25,61,3.401197382,0,1.609437912
26,61,2.890371758,1.098612289,1.791759469
27,61,2.944438979,0.693147181,0
28,61,1.791759469,1.945910149,0.693147181
29,61,2.564949357,2.197224577,0.693147181
30,61,1.791759469,0.693147181,2.079441542
31,61,2.63905733,1.386294361,1.609437912
32,61,1.791759469,1.945910149,1.098612289
33,61,1.098612289,0,1.945910149
34,61,1.386294361,2.197224577,0
35,61,1.098612289,1.098612289,0.693147181
36,61,1.098612289,0.693147181,0.693147181
37,61,1.609437912,1.609437912,0
38,61,0.693147181,1.386294361,1.386294361
39,61,0.693147181,2.63905733,0
40,61,1.791759469,1.386294361,1.386294361
41,61,0.693147181,2.833213344,0.693147181
42,61,1.386294361,2.48490665,0.693147181
43,61,1.386294361,0.693147181,0.693147181
44,61,1.386294361,0,0
45,61,2.197224577,1.098612289,1.098612289
46,61,2.708050201,0.693147181,0.693147181
47,61,2.890371758,1.386294361,0
48,61,3.36729583,0,1.791759469
49,61,3.63758616,0,0.693147181
50,61,3.091042453,1.386294361,0.693147181
51,61,3.526360525,0,0
52,61,4.158883083,0,0
53,61,3.526360525,1.098612289,1.098612289
54,61,3.610917913,0.693147181,0
55,61,2.833213344,0,0
56,61,3.526360525,0,0.693147181
57,61,3.555348061,0.693147181,0
58,61,3.555348061,0,0.693147181
59,61,3.610917913,0,0
60,61,3.610917913,0.693147181,0
61,61,3.63758616,0,1.098612289
62,61,2.833213344,0,0.693147181
63,61,0,0,0
0,62,0,0,0
1,62,0,0,0
2,62,0,0,0
3,62,0,0,0
4,62,0,0,0
5,62,0,0,0
6,62,0,0,0
7,62,0,0,0
8,62,0,0,0
9,62,4.859812404,0,0
10,62,0,0,0
11,62,4.691347882,0,0
12,62,3.828641396,0.693147181,0
13,62,4.543294782,0.693147181,0
14,62,3.828641396,0.693147181,0.693147181
15,62,3.871201011,0,1.098612289
16,62,3.850147602,0.693147181,0.693147181
17,62,3.17805383,1.791759469,0
18,62,3.258096538,0,0
19,62,2.772588722,1.609437912,0.693147181
20,62,2.833213344,1.098612289,0.693147181
21,62,2.564949357,1.386294361,0
22,62,3.828641396,0.693147181,0.693147181
23,62,2.890371758,1.098612289,0.693147181
24,62,3.610917913,0.693147181,1.386294361
25,62,3.583518938,1.609437912,0
26,62,3.258096538,0.693147181,0
27,62,3.988984047,0,1.098612289
28,62,2.833213344,0.693147181,0.693147181
29,62,3.091042453,0.693147181,0.693147181
30,62,2.397895273,1.609437912,0.693147181
31,62,3.17805383,0,1.609437912
32,62,1.098612289,0.693147181,1.609437912
33,62,2.079441542,0.693147181,1.791759469
34,62,1.945910149,0,1.098612289
35,62,2.890371758,0,0.693147181
36,62,1.609437912,1.791759469,1.386294361
37,62,1.098612289,1.098612289,0.693147181
38,62,2.48490665,1.098612289,0
39,62,1.945910149,1.098612289,1.098612289
40,62,1.098612289,2.079441542,1.098612289
41,62,2.708050201,0,0.693147181
42,62,2.302585093,0,1.098612289
43,62,2.944438979,0.693147181,1.386294361
44,62,1.945910149,0.693147181,1.386294361
45,62,1.791759469,1.098612289,1.609437912
46,62,2.397895273,2.197224577,0.693147181
47,62,3.218875825,0,1.386294361
48,62,4.204692619,0,1.098612289
49,62,3.33220451,0,0.693147181
50,62,3.784189634,0,1.098612289
51,62,3.496507561,0.693147181,0.693147181
52,62,2.48490665,1.386294361,0.693147181
53,62,3.401197382,1.609437912,0
54,62,2.944438979,1.098612289,0
55,62,3.80666249,0,1.098612289
56,62,3.828641396,0,0
57,62,3.761200116,1.945910149,0.693147181
58,62,3.465735903,0,0
59,62,3.80666249,0,0
60,62,3.044522438,0.693147181,1.098612289
61,62,3.218875825,0,1.098612289
62,62,2.63905733,0.693147181,1.098612289
63,62,0,0,0
0,63,0,0,0
1,63,0,0,0
2,63,0,0,0
3,63,0,0,0
4,63,0,0,0
5,63,0,0,0
6,63,0,0,0
7,63,0,0,0
8,63,0,0,0
9,63,4.33073334,0,0
10,63,5.087596335,0,0
11,63,4.804021045,1.098612289,0
12,63,3.688879454,1.098612289,0.693147181
13,63,4.094344562,1.945910149,1.098612289
14,63,4.060443011,0,0
15,63,4.127134385,0.693147181,0
16,63,3.737669618,0.693147181,0
17,63,4.060443011,1.098612289,0
18,63,3.970291914,0,0.693147181
19,63,3.63758616,0.693147181,0.693147181
20,63,2.890371758,0.693147181,0.693147181
21,63,2.63905733,1.609437912,0
22,63,3.36729583,1.098612289,0.693147181
23,63,3.17805383,0,1.386294361
24,63,2.772588722,0,1.098612289
25,63,3.135494216,1.386294361,0.693147181
26,63,3.433987204,0.693147181,0.693147181
27,63,3.17805383,0.693147181,0
28,63,3.688879454,1.098612289,0.693147181
29,63,3.401197382,0.693147181,0.693147181
30,63,3.583518938,1.098612289,1.386294361
31,63,3.135494216,0.693147181,0
32,63,1.386294361,1.386294361,0
33,63,3.044522438,0,0.693147181
34,63,3.401197382,0,1.098612289
35,63,2.708050201,0,0
36,63,2.995732274,0.693147181,0
37,63,1.609437912,1.098612289,0
38,63,0.693147181,0,1.098612289
39,63,1.386294361,1.791759469,0
40,63,2.397895273,1.386294361,0
41,63,3.17805383,1.609437912,0
42,63,3.610917913,0,0
43,63,3.465735903,0,0
44,63,3.912023005,0,0.693147181
45,63,2.995732274,0.693147181,0.693147181
46,63,2.079441542,0,1.386294361
47,63,3.555348061,0.693147181,0.693147181
48,63,3.044522438,0.693147181,1.386294361
49,63,3.555348061,0.693147181,0
50,63,3.401197382,0,0.693147181
51,63,3.135494216,1.386294361,0
52,63,2.302585093,1.791759469,0.693147181
53,63,3.044522438,0.693147181,1.098612289
54,63,3.218875825,1.386294361,0
55,63,3.828641396,0,0.693147181
56,63,3.891820298,0,0
57,63,3.784189634,0,0
58,63,3.761200116,0,1.098612289
59,63,3.33220451,0,0.693147181
60,63,3.465735903,1.098612289,1.609437912
61,63,3.218875825,1.386294361,1.386294361
62,63,2.397895273,1.386294361,1.386294361
63,63,0,0,0
