"row","col","ACTA1","ACTA2","KRT5"
0,0,0,0,0
1,0,0,0,0
2,0,0,0,0
3,0,0,0,0
4,0,0,0,0
5,0,0,0,0
6,0,0,0,0
7,0,0,0,0
8,0,0,0,0
9,0,0,0,0
10,0,0,0,0
11,0,0,0,0
12,0,0,0,0
13,0,0,0,0
14,0,0,0,0
15,0,0,0,0
16,0,0,0,0
17,0,0,0,0
18,0,0,0,0
19,0,0,0,0
20,0,0,0,0
21,0,0,0,0
22,0,0,0,0
23,0,0,0,0
24,0,0,0,0
25,0,0,0,0
26,0,0,0,0
27,0,0,0,0
28,0,0,0,0
29,0,0,0,0
30,0,0,0,0
31,0,0,0,0
32,0,0,0,0
33,0,0,0,0
34,0,0,0,0
35,0,0,0,0
36,0,0,0,0
37,0,0,0,0
38,0,0,0,0
39,0,0,0,0
40,0,0,0,0
41,0,0,0,0
42,0,0,0,0
43,0,0,0,0
44,0,0,0,0
45,0,0,0,0
46,0,0,0,0
47,0,0,0,0
48,0,0,0,0
49,0,0,0,0
50,0,0,0,0
51,0,0,0,0
52,0,0,0,0
53,0,0,0,0
54,0,0,0,0
55,0,0,0,0
56,0,0,0,0
57,0,0,0,0
58,0,0,0,0
59,0,0,0,0
60,0,0,0,0
61,0,0,0,0
62,0,0,0,0
63,0,0,0,0
0,1,0,0,0
1,1,0,0,0
2,1,0,0,0
3,1,0,0,0
4,1,0,0,0
5,1,0,0,0
6,1,0,0,0
7,1,0,0,0
8,1,0,0,0
9,1,0,0,0
10,1,0,0,0
11,1,0,0,0
12,1,0,0,0
13,1,0,0,0
14,1,0,0,0
15,1,0,0,0
16,1,0,0,0
17,1,0,0,0
18,1,5.30330490805908,1.09861228866811,0.693147180559945
19,1,0,0,0
20,1,0,0,0
21,1,0,0,0
22,1,0,0,0
23,1,0,0,0
24,1,0,0,0
25,1,0,0,0
26,1,0,0,0
27,1,0,0,0
28,1,0,0,0
29,1,0,0,0
30,1,0,0,0
31,1,0,0,0
32,1,0,0,0
33,1,0,0,0
34,1,0,0,0
35,1,0,0,0
36,1,0,0,0
37,1,0,0,0
38,1,0,0,0
39,1,0,0,0
40,1,0,0,0
41,1,0,0,0
42,1,0,0,0
43,1,0,0,0
44,1,0,0,0
45,1,0,0,0
46,1,0,0,0
47,1,0,0,0
48,1,0,0,0
49,1,0,0,0
50,1,0,0,0
51,1,0,0,0
52,1,0,0,0
53,1,0,0,0
54,1,0,0,0
55,1,0,0,0
56,1,0,0,0
57,1,0,0,0
58,1,0,0,0
59,1,0,0,0
60,1,0,0,0
61,1,0,0,0
62,1,0,0,0
63,1,0,0,0
0,2,0,0,0
1,2,0,0,0
2,2,0,0,0
3,2,0,0,0
4,2,0,0,0
5,2,0,0,0
6,2,0,0,0
7,2,0,0,0
8,2,0,0,0
9,2,0,0,0
10,2,0,0,0
11,2,0,0,0
12,2,0,0,0
13,2,0,0,0
14,2,0,0,0
15,2,0,0,0
16,2,0,0,0
17,2,5.27811465923052,1.09861228866811,1.09861228866811
18,2,5.44241771052179,0,0
19,2,0,0,0
20,2,0,0,0
21,2,0,0,0
22,2,0,0,0
23,2,0,0,0
24,2,0,0,0
25,2,0,0,0
26,2,0,0,0
27,2,0,0,0
28,2,0,0,0
29,2,0,0,0
30,2,0,0,0
31,2,0,0,0
32,2,0,0,0
33,2,0,0,0
34,2,0,0,0
35,2,0,0,0
36,2,0,0,0
37,2,0,0,0
38,2,0,0,0
39,2,0,0,0
40,2,0,0,0
41,2,0,0,0
42,2,0,0,0
43,2,0,0,0
44,2,0,0,0
45,2,0,0,0
46,2,0,0,0
47,2,0,0,0
48,2,0,0,0
49,2,0,0,0
50,2,0,0,0
51,2,0,0,0
52,2,0,0,0
53,2,0,0,0
54,2,0,0,0
55,2,0,0,0
56,2,0,0,0
57,2,0,0,0
58,2,0,0,0
59,2,0,0,0
60,2,0,0,0
61,2,0,0,0
62,2,0,0,0
63,2,0,0,0
0,3,0,0,0
1,3,0,0,0
2,3,0,0,0
3,3,5.8348107370626,0,1.38629436111989
4,3,0,0,0
5,3,5.79909265446053,0,1.09861228866811
6,3,0,0,0
7,3,5.19295685089021,1.38629436111989,1.38629436111989
8,3,0,0,0
9,3,5.32787616878958,1.09861228866811,1.38629436111989
10,3,0,0,0
11,3,5.29831736654804,0,1.09861228866811
12,3,0,0,0
13,3,5.54126354515843,0,1.6094379124341
14,3,0,0,0
15,3,0,0,0
16,3,0,0,0
17,3,5.58724865840025,0.693147180559945,0
18,3,5.44241771052179,0.693147180559945,0.693147180559945
19,3,5.14749447681345,0.693147180559945,0.693147180559945
20,3,0,0,0
21,3,0,0,0
22,3,0,0,0
23,3,0,0,0
24,3,0,0,0
25,3,0,0,0
26,3,0,0,0
27,3,0,0,0
28,3,0,0,0
29,3,0,0,0
30,3,0,0,0
31,3,0,0,0
32,3,0,0,0
33,3,0,0,0
34,3,0,0,0
35,3,0,0,0
36,3,0,0,0
37,3,0,0,0
38,3,0,0,0
39,3,0,0,0
40,3,0,0,0
41,3,0,0,0
42,3,0,0,0
43,3,0,0,0
44,3,0,0,0
45,3,0,0,0
46,3,0,0,0
47,3,0,0,0
48,3,0,0,0
49,3,0,0,0
50,3,0,0,0
51,3,0,0,0
52,3,0,0,0
53,3,0,0,0
54,3,0,0,0
55,3,0,0,0
56,3,0,0,0
57,3,0,0,0
58,3,0,0,0
59,3,0,0,0
60,3,0,0,0
61,3,0,0,0
62,3,0,0,0
63,3,0,0,0
0,4,0,0,0
1,4,5.4553211153577,0.693147180559945,1.6094379124341
2,4,5.46383180502561,0,1.09861228866811
3,4,5.6937321388027,0,0
4,4,5.64544689764324,0,1.09861228866811
5,4,5.52146091786225,1.38629436111989,0.693147180559945
6,4,5.3890717298165,0,1.79175946922805
7,4,5.34233425196481,1.09861228866811,0
8,4,5.85793315448346,0,1.38629436111989
9,4,5.68697535633982,0,0
10,4,5.32787616878958,0,0.693147180559945
11,4,5.32300997913841,0.693147180559945,0.693147180559945
12,4,5.64897423816121,0,0
13,4,5.605802066296,0,0.693147180559945
14,4,5.54907608489522,1.09861228866811,0
15,4,5.18178355029209,0.693147180559945,0.693147180559945
16,4,5.28826703069454,1.09861228866811,0
17,4,5.39362754635236,1.38629436111989,0
18,4,5.03695260241363,0,0.693147180559945
19,4,4.52178857704904,0.693147180559945,1.6094379124341
20,4,0,0,0
21,4,0,0,0
22,4,0,0,0
23,4,0,0,0
24,4,0,0,0
25,4,0,0,0
26,4,0,0,0
27,4,0,0,0
28,4,0,0,0
29,4,0,0,0
30,4,0,0,0
31,4,0,0,0
32,4,0,0,0
33,4,0,0,0
34,4,0,0,0
35,4,0,0,0
36,4,0,0,0
37,4,0,0,0
38,4,0,0,0
39,4,0,0,0
40,4,0,0,0
41,4,0,0,0
42,4,0,0,0
43,4,0,0,0
44,4,0,0,0
45,4,0,0,0
46,4,0,0,0
47,4,0,0,0
48,4,0,0,0
49,4,0,0,0
50,4,0,0,0
51,4,0,0,0
52,4,0,0,0
53,4,0,0,0
54,4,0,0,0
55,4,0,0,0
56,4,0,0,0
57,4,0,0,0
58,4,0,0,0
59,4,0,0,0
60,4,0,0,0
61,4,0,0,0
62,4,0,0,0
63,4,0,0,0
0,5,5.08759633523238,0,1.09861228866811
1,5,5.3890717298165,0.693147180559945,0
2,5,5.62762111369064,0,0.693147180559945
3,5,5.44241771052179,0,0
4,5,5.4971682252932,0,1.09861228866811
5,5,5.33271879326537,1.38629436111989,0
6,5,5.63835466933375,1.09861228866811,1.6094379124341
7,5,3.76120011569356,2.19722457733622,0
8,5,5.60947179518496,0,0
9,5,5.73334127689775,0,0.693147180559945
10,5,5.35658627467201,0,0.693147180559945
11,5,5.32300997913841,0,0
12,5,5.15905529921453,1.09861228866811,0
13,5,5.5683445037611,0.693147180559945,0
14,5,5.01063529409626,1.09861228866811,1.09861228866811
15,5,5.17048399503815,0,0.693147180559945
16,5,5.12396397940326,0,0
17,5,5.12989871492307,0,1.09861228866811
18,5,4.92725368515721,0,1.09861228866811
19,5,4.44265125649032,1.38629436111989,2.30258509299405
20,5,4.11087386417331,0.693147180559945,1.94591014905531
21,5,0,0,0
22,5,0,0,0
23,5,0,0,0
24,5,0,0,0
25,5,0,0,0
26,5,0,0,0
27,5,0,0,0
28,5,0,0,0
29,5,0,0,0
30,5,0,0,0
31,5,0,0,0
32,5,0,0,0
33,5,0,0,0
34,5,0,0,0
35,5,0,0,0
36,5,0,0,0
37,5,0,0,0
38,5,0,0,0
39,5,0,0,0
40,5,0,0,0
41,5,0,0,0
42,5,0,0,0
43,5,0,0,0
44,5,0,0,0
45,5,0,0,0
46,5,0,0,0
47,5,0,0,0
48,5,0,0,0
49,5,0,0,0
50,5,0,0,0
51,5,0,0,0
52,5,0,0,0
53,5,0,0,0
54,5,0,0,0
55,5,0,0,0
56,5,0,0,0
57,5,0,0,0
58,5,0,0,0
59,5,0,0,0
60,5,0,0,0
61,5,0,0,0
62,5,0,0,0
63,5,0,0,0
0,6,5.4971682252932,0,0
1,6,5.48063892334199,0,0
2,6,5.44241771052179,0,0.693147180559945
3,6,5.46383180502561,0.693147180559945,0.693147180559945
4,6,5.59098698051086,0,0
5,6,5.46383180502561,0,0
6,6,4.71849887129509,1.09861228866811,0
7,6,4.52178857704904,3.3322045101752,1.38629436111989
8,6,5.41610040220442,0,0
9,6,5.6021188208797,1.09861228866811,0.693147180559945
10,6,5.38449506278909,0,0
11,6,5.17048399503815,0,0
12,6,5.07517381523383,0.693147180559945,0.693147180559945
13,6,5.4510384535657,1.09861228866811,0
14,6,4.8283137373023,1.38629436111989,1.09861228866811
15,6,5.06890420222023,1.38629436111989,0
16,6,5.41164605185504,0,0.693147180559945
17,6,4.51085950651685,0,1.09861228866811
18,6,4.62497281328427,0,1.94591014905531
19,6,4.36944785246702,1.79175946922805,2.19722457733622
20,6,4.0943445622221,0.693147180559945,1.79175946922805
21,6,4.29045944114839,2.484906649788,2.19722457733622
22,6,3.71357206670431,1.38629436111989,2.30258509299405
23,6,3.71357206670431,1.94591014905531,1.6094379124341
24,6,0,0,0
25,6,0,0,0
26,6,0,0,0
27,6,0,0,0
28,6,0,0,0
29,6,0,0,0
30,6,0,0,0
31,6,0,0,0
32,6,0,0,0
33,6,5.41610040220442,0.693147180559945,0.693147180559945
34,6,0,0,0
35,6,0,0,0
36,6,0,0,0
37,6,0,0,0
38,6,0,0,0
39,6,0,0,0
40,6,0,0,0
41,6,0,0,0
42,6,0,0,0
43,6,0,0,0
44,6,0,0,0
45,6,0,0,0
46,6,0,0,0
47,6,0,0,0
48,6,0,0,0
49,6,0,0,0
50,6,0,0,0
51,6,0,0,0
52,6,0,0,0
53,6,0,0,0
54,6,0,0,0
55,6,0,0,0
56,6,0,0,0
57,6,0,0,0
58,6,0,0,0
59,6,0,0,0
60,6,0,0,0
61,6,0,0,0
62,6,0,0,0
63,6,0,0,0
0,7,5.45958551414416,0.693147180559945,0
1,7,5.18178355029209,0,0.693147180559945
2,7,5.31320597904179,0,0
3,7,5.2040066870768,0.693147180559945,0.693147180559945
4,7,5.76519110278484,0.693147180559945,0.693147180559945
5,7,5.52545293913178,0,0.693147180559945
6,7,5.18738580584075,1.09861228866811,0
7,7,5.44673737166631,1.38629436111989,0.693147180559945
8,7,5.33271879326537,1.09861228866811,0.693147180559945
9,7,5.37989735354046,0.693147180559945,0.693147180559945
10,7,5.12989871492307,0.693147180559945,1.09861228866811
11,7,5.12989871492307,1.38629436111989,0
12,7,4.79579054559674,0,0.693147180559945
13,7,5.04342511691925,1.79175946922805,0
14,7,5.34233425196481,0,0
15,7,5.25227342804663,1.09861228866811,0.693147180559945
16,7,5.17614973257383,0.693147180559945,0.693147180559945
17,7,4.52178857704904,1.09861228866811,1.6094379124341
18,7,4.62497281328427,1.6094379124341,1.94591014905531
19,7,4.36944785246702,1.09861228866811,1.79175946922805
20,7,4.44265125649032,1.09861228866811,2.70805020110221
21,7,3.97029191355212,0.693147180559945,1.79175946922805
22,7,4.26267987704132,0.693147180559945,2.89037175789616
23,7,3.87120101090789,0.693147180559945,1.6094379124341
24,7,3.52636052461616,0.693147180559945,1.6094379124341
25,7,3.49650756146648,1.38629436111989,0.693147180559945
26,7,0,0,0
27,7,3.61091791264422,1.38629436111989,1.38629436111989
28,7,0,0,0
29,7,3.3322045101752,0,1.6094379124341
30,7,0,0,0
31,7,3.87120101090789,0.693147180559945,0.693147180559945
32,7,3.71357206670431,0.693147180559945,1.09861228866811
33,7,4.88280192258637,1.09861228866811,1.38629436111989
34,7,5.58724865840025,0.693147180559945,1.09861228866811
35,7,3.73766961828337,1.09861228866811,2.89037175789616
36,7,0,0,0
37,7,3.91202300542815,1.6094379124341,3.3322045101752
38,7,3.25809653802148,1.09861228866811,2.94443897916644
39,7,3.97029191355212,1.09861228866811,1.09861228866811
40,7,3.80666248977032,1.38629436111989,1.6094379124341
41,7,3.61091791264422,0.693147180559945,2.70805020110221
42,7,0,0,0
43,7,4.47733681447821,0.693147180559945,1.79175946922805
44,7,0,0,0
45,7,0,0,0
46,7,0,0,0
47,7,2.70805020110221,1.09861228866811,0.693147180559945
48,7,0,0,0
49,7,0,0,0
50,7,0,0,0
51,7,0,0,0
52,7,0,0,0
53,7,0,0,0
54,7,0,0,0
55,7,0,0,0
56,7,0,0,0
57,7,0,0,0
58,7,0,0,0
59,7,0,0,0
60,7,0,0,0
61,7,0,0,0
62,7,0,0,0
63,7,0,0,0
0,8,5.58724865840025,0,1.09861228866811
1,8,5.27811465923052,1.09861228866811,0
2,8,5.5834963087817,0.693147180559945,0.693147180559945
3,8,5.47646355193151,1.09861228866811,0.693147180559945
4,8,5.83773044716594,0,0
5,8,5.03043792139244,0,0.693147180559945
6,8,4.8283137373023,0.693147180559945,1.6094379124341
7,8,5.28320372873799,0,1.09861228866811
8,8,4.64439089914137,0,0
9,8,5.39816270151775,1.38629436111989,0.693147180559945
10,8,5.25749537202778,0.693147180559945,0.693147180559945
11,8,5.27811465923052,1.09861228866811,0
12,8,5.21493575760899,1.38629436111989,0
13,8,4.75359019110636,0,1.09861228866811
14,8,5.18178355029209,0,0
15,8,4.9416424226093,0,1.09861228866811
16,8,5.25749537202778,1.09861228866811,1.6094379124341
17,8,5.04342511691925,0,1.38629436111989
18,8,4.71849887129509,0,0.693147180559945
19,8,4.79579054559674,1.09861228866811,1.6094379124341
20,8,4.74493212836325,0,1.09861228866811
21,8,4.52178857704904,0,1.6094379124341
22,8,4.12713438504509,1.38629436111989,2.70805020110221
23,8,3.71357206670431,0.693147180559945,1.38629436111989
24,8,4.15888308335967,1.79175946922805,1.94591014905531
25,8,4.18965474202643,0.693147180559945,1.38629436111989
26,8,4.20469261939097,0.693147180559945,1.6094379124341
27,8,3.73766961828337,1.38629436111989,2.19722457733622
28,8,3.87120101090789,0.693147180559945,2.30258509299405
29,8,3.68887945411394,0,3.04452243772342
30,8,4.23410650459726,0.693147180559945,2.19722457733622
31,8,3.68887945411394,0,2.39789527279837
32,8,4.43081679884331,0,1.6094379124341
33,8,4.79579054559674,0.693147180559945,1.38629436111989
34,8,4.84418708645859,1.09861228866811,1.6094379124341
35,8,4.00733318523247,1.09861228866811,1.94591014905531
36,8,3.52636052461616,0,3.09104245335832
37,8,4.21950770517611,1.6094379124341,1.94591014905531
38,8,4.21950770517611,0.693147180559945,2.07944154167984
39,8,4.21950770517611,1.38629436111989,0.693147180559945
40,8,4.02535169073515,2.39789527279837,1.38629436111989
41,8,3.68887945411394,1.38629436111989,2.39789527279837
42,8,2.89037175789616,0,0.693147180559945
43,8,4.98360662170834,0.693147180559945,0.693147180559945
44,8,3.36729582998647,1.38629436111989,1.6094379124341
45,8,3.66356164612965,0.693147180559945,0.693147180559945
46,8,3.73766961828337,2.19722457733622,1.79175946922805
47,8,3.17805383034795,2.484906649788,1.09861228866811
48,8,3.40119738166216,1.09861228866811,1.79175946922805
49,8,0,0,0
50,8,0,0,0
51,8,0,0,0
52,8,0,0,0
53,8,0,0,0
54,8,0,0,0
55,8,0,0,0
56,8,0,0,0
57,8,0,0,0
58,8,0,0,0
59,8,0,0,0
60,8,0,0,0
61,8,0,0,0
62,8,0,0,0
63,8,0,0,0
0,9,5.52545293913178,0,0
1,9,5.62040086571715,0.693147180559945,0
2,9,4.8283137373023,0.693147180559945,0
3,9,5.34710753071747,1.09861228866811,0.693147180559945
4,9,5.65599181081985,0.693147180559945,0
5,9,4.29045944114839,1.79175946922805,0
6,9,4.75359019110636,0,0
7,9,5.74620319054015,0,0
8,9,4.38202663467388,0,1.38629436111989
9,9,4.67282883446191,2.77258872223978,1.09861228866811
10,9,5.28320372873799,1.6094379124341,0.693147180559945
11,9,5.15905529921453,0,1.09861228866811
12,9,5.39816270151775,0.693147180559945,0.693147180559945
13,9,5.29330482472449,0,1.09861228866811
14,9,4.969813299576,0,1.09861228866811
15,9,4.78749174278205,0.693147180559945,1.79175946922805
16,9,4.92725368515721,1.09861228866811,0.693147180559945
17,9,4.18965474202643,2.70805020110221,1.09861228866811
18,9,5.06259503302697,0,1.38629436111989
19,9,5.48893772615669,0.693147180559945,1.6094379124341
20,9,4.47733681447821,1.09861228866811,2.07944154167984
21,9,4.67282883446191,0,0.693147180559945
22,9,4.06044301054642,0,2.07944154167984
23,9,4.14313472639153,0,0
24,9,4.49980967033027,1.09861228866811,1.38629436111989
25,9,4.83628190695148,1.09861228866811,0.693147180559945
26,9,3.8286413964891,0.693147180559945,1.38629436111989
27,9,4.94875989037817,0.693147180559945,0.693147180559945
28,9,4.52178857704904,1.38629436111989,1.79175946922805
29,9,4.74493212836325,0.693147180559945,1.6094379124341
30,9,4.4188406077966,0,1.79175946922805
31,9,4.35670882668959,0,2.07944154167984
32,9,4.91265488573605,0.693147180559945,0.693147180559945
33,9,5.2257466737132,1.09861228866811,0.693147180559945
34,9,4.38202663467388,0,1.38629436111989
35,9,5.08140436498446,0.693147180559945,1.38629436111989
36,9,4.82028156560504,0.693147180559945,1.94591014905531
37,9,4.86753445045558,0.693147180559945,1.38629436111989
38,9,4.64439089914137,1.6094379124341,1.94591014905531
39,9,4.02535169073515,1.6094379124341,1.09861228866811
40,9,4.53259949315326,1.09861228866811,1.79175946922805
41,9,4.52178857704904,1.6094379124341,0.693147180559945
42,9,4.40671924726425,1.38629436111989,1.79175946922805
43,9,4.78749174278205,1.09861228866811,1.09861228866811
44,9,3.85014760171006,2.07944154167984,2.30258509299405
45,9,4.8283137373023,1.6094379124341,0
46,9,4.0943445622221,1.6094379124341,0.693147180559945
47,9,3.95124371858143,4.11087386417331,0.693147180559945
48,9,0,0,0
49,9,0,0,0
50,9,0,0,0
51,9,0,0,0
52,9,0,0,0
53,9,0,0,0
54,9,0,0,0
55,9,0,0,0
56,9,0,0,0
57,9,0,0,0
58,9,0,0,0
59,9,4.4188406077966,0,1.09861228866811
60,9,4.91265488573605,1.38629436111989,0.693147180559945
61,9,5.50125821054473,0,1.09861228866811
62,9,5.25749537202778,1.6094379124341,0.693147180559945
63,9,5.55682806169954,0,0
0,10,5.22035582507833,0.693147180559945,0.693147180559945
1,10,5.45958551414416,0,1.09861228866811
2,10,5.47227067367148,0.693147180559945,0.693147180559945
3,10,5.55682806169954,0,0
4,10,5.44673737166631,1.09861228866811,0
5,10,2.56494935746154,2.07944154167984,0
6,10,5.36129216570943,1.09861228866811,0.693147180559945
7,10,5.16478597392351,1.09861228866811,0.693147180559945
8,10,4.91265488573605,0,1.09861228866811
9,10,5.01727983681492,0,0.693147180559945
10,10,3.91202300542815,1.09861228866811,0
11,10,5.18178355029209,1.6094379124341,0
12,10,4.95582705760126,0,0
13,10,5.14166355650266,0,0
14,10,5.0998664278242,0,2.30258509299405
15,10,4.26267987704132,0,1.6094379124341
16,10,4.45434729625351,1.79175946922805,0
17,10,4.71849887129509,2.30258509299405,1.09861228866811
18,10,4.91998092582813,0.693147180559945,0.693147180559945
19,10,5.53733426701854,0.693147180559945,0
20,10,4.82028156560504,1.09861228866811,1.09861228866811
21,10,4.89034912822175,0,1.6094379124341
22,10,4.59511985013459,2.39789527279837,1.09861228866811
23,10,5.21493575760899,0,1.79175946922805
24,10,5.80814248998044,0,0.693147180559945
25,10,5.4249500174814,0,0
26,10,4.07753744390572,0.693147180559945,0
27,10,4.33073334028633,0.693147180559945,1.09861228866811
28,10,4.99043258677874,0.693147180559945,1.6094379124341
29,10,4.85203026391962,0,1.6094379124341
30,10,5.72031177660741,0,1.09861228866811
31,10,4.9416424226093,0,1.09861228866811
32,10,4.47733681447821,0.693147180559945,1.09861228866811
33,10,4.51085950651685,1.09861228866811,0.693147180559945
34,10,5.19849703126583,0,1.09861228866811
35,10,4.97673374242057,0,1.38629436111989
36,10,4.68213122712422,1.09861228866811,1.6094379124341
37,10,4.84418708645859,0.693147180559945,0
38,10,4.98360662170834,0.693147180559945,1.09861228866811
39,10,4.72738781871234,0.693147180559945,0
40,10,4.969813299576,0.693147180559945,1.09861228866811
41,10,4.48863636973214,0,1.09861228866811
42,10,4.81218435537242,1.09861228866811,1.09861228866811
43,10,5.12989871492307,0.693147180559945,1.09861228866811
44,10,5.08140436498446,0.693147180559945,1.09861228866811
45,10,5.34710753071747,0,1.09861228866811
46,10,4.44265125649032,1.38629436111989,1.79175946922805
47,10,5.27299955856375,2.07944154167984,0
48,10,0,0,0
49,10,0,0,0
50,10,0,0,0
51,10,0,0,0
52,10,0,0,0
53,10,0,0,0
54,10,0,0,0
55,10,5.87773578177964,0,0
56,10,0,0,0
57,10,0,0,0
58,10,0,0,0
59,10,5.36129216570943,0,0.693147180559945
60,10,5.35185813347607,0,1.09861228866811
61,10,5.72031177660741,0,0
62,10,5.74620319054015,1.09861228866811,0
63,10,5.56068163101553,0,0
0,11,5.77144112313002,1.09861228866811,0
1,11,5.28320372873799,0,0.693147180559945
2,11,5.34233425196481,0,0.693147180559945
3,11,5.19295685089021,0,0
4,11,4.65396035015752,2.07944154167984,0.693147180559945
5,11,2.63905732961526,1.94591014905531,1.09861228866811
6,11,4.80402104473326,1.09861228866811,0
7,11,5.25227342804663,0,1.09861228866811
8,11,4.77068462446567,0.693147180559945,0.693147180559945
9,11,4.89034912822175,0.693147180559945,0.693147180559945
10,11,4.48863636973214,0,0
11,11,5.44673737166631,0,1.09861228866811
12,11,4.9416424226093,2.83321334405622,1.09861228866811
13,11,5.54517744447956,0.693147180559945,0
14,11,5.03043792139244,0.693147180559945,2.39789527279837
15,11,5.07517381523383,1.38629436111989,2.07944154167984
16,11,5.26785815906333,0.693147180559945,0.693147180559945
17,11,5.04342511691925,0.693147180559945,1.79175946922805
18,11,5.28826703069454,0,0.693147180559945
19,11,5.63121178182137,0,0
20,11,4.7361984483945,0.693147180559945,1.6094379124341
21,11,5.07517381523383,0,1.09861228866811
22,11,5.03043792139244,1.38629436111989,0
23,11,4.95582705760126,0.693147180559945,0
24,11,4.79579054559674,0.693147180559945,1.79175946922805
25,11,5.65599181081985,0.693147180559945,0
26,11,4.55387689160054,1.09861228866811,0.693147180559945
27,11,3.3322045101752,1.09861228866811,1.38629436111989
28,11,4.69134788222914,0,1.09861228866811
29,11,4.24849524204936,0.693147180559945,1.79175946922805
30,11,4.35670882668959,0.693147180559945,0
31,11,4.58496747867057,1.09861228866811,1.6094379124341
32,11,5.02388052084628,1.09861228866811,1.09861228866811
33,11,5.0998664278242,1.09861228866811,2.484906649788
34,11,4.56434819146784,1.79175946922805,2.30258509299405
35,11,4.06044301054642,1.6094379124341,2.39789527279837
36,11,4.33073334028633,1.6094379124341,1.79175946922805
37,11,4.26267987704132,1.79175946922805,1.38629436111989
38,11,4.77068462446567,1.38629436111989,0
39,11,4.38202663467388,2.07944154167984,0
40,11,4.70048036579242,0,1.09861228866811
41,11,4.58496747867057,0,1.38629436111989
42,11,4.77912349311153,0,1.09861228866811
43,11,4.45434729625351,0.693147180559945,2.484906649788
44,11,5.02388052084628,0.693147180559945,0.693147180559945
45,11,5.08140436498446,0,1.09861228866811
46,11,5.67675380226828,0.693147180559945,1.09861228866811
47,11,5.52545293913178,1.09861228866811,0
48,11,0,0,0
49,11,0,0,0
50,11,0,0,0
51,11,0,0,0
52,11,0,0,0
53,11,0,0,0
54,11,0,0,0
55,11,5.92425579741453,0.693147180559945,0
56,11,5.72358510195238,1.09861228866811,0
57,11,3.85014760171006,1.6094379124341,0
58,11,4.8283137373023,1.38629436111989,1.09861228866811
59,11,5.57215403217776,0.693147180559945,0
60,11,5.6970934865054,0.693147180559945,0
61,11,5.8636311755981,0,0
62,11,5.6021188208797,1.6094379124341,0.693147180559945
63,11,5.4510384535657,0,0
0,12,5.19295685089021,0,1.09861228866811
1,12,5.12396397940326,0.693147180559945,0
2,12,5.17614973257383,1.09861228866811,0
3,12,5.36129216570943,0.693147180559945,0.693147180559945
4,12,3.52636052461616,0,1.09861228866811
5,12,4.06044301054642,0.693147180559945,0.693147180559945
6,12,4.99043258677874,1.09861228866811,0.693147180559945
7,12,5.04342511691925,0.693147180559945,0
8,12,5.34710753071747,1.79175946922805,0
9,12,4.95582705760126,0.693147180559945,0.693147180559945
10,12,3.29583686600433,3.29583686600433,1.79175946922805
11,12,4.43081679884331,0,1.79175946922805
12,12,5.01063529409626,0,1.6094379124341
13,12,3.89182029811063,1.09861228866811,1.09861228866811
14,12,4.38202663467388,0.693147180559945,0
15,12,5.26269018890489,0.693147180559945,1.38629436111989
16,12,5.62401750618734,0,1.09861228866811
17,12,4.95582705760126,0.693147180559945,1.38629436111989
18,12,4.89034912822175,1.6094379124341,0.693147180559945
19,12,5.4553211153577,0.693147180559945,1.38629436111989
20,12,5.31811999384422,1.09861228866811,1.09861228866811
21,12,5.03043792139244,0.693147180559945,1.38629436111989
22,12,4.74493212836325,0,1.79175946922805
23,12,5.14749447681345,0,0
24,12,4.39444915467244,0,1.94591014905531
25,12,3.91202300542815,0.693147180559945,1.09861228866811
26,12,3.17805383034795,0.693147180559945,0.693147180559945
27,12,1.94591014905531,1.09861228866811,1.79175946922805
28,12,1.38629436111989,0.693147180559945,1.6094379124341
29,12,1.09861228866811,0,3.46573590279973
30,12,3.09104245335832,0,1.79175946922805
31,12,2.63905732961526,0.693147180559945,1.6094379124341
32,12,4.24849524204936,1.09861228866811,2.30258509299405
33,12,2.63905732961526,2.77258872223978,1.79175946922805
34,12,4.70953020131233,2.484906649788,2.484906649788
35,12,3.43398720448515,3.29583686600433,2.63905732961526
36,12,4.20469261939097,3.04452243772342,1.94591014905531
37,12,3.68887945411394,3.36729582998647,1.79175946922805
38,12,3.89182029811063,2.56494935746154,1.38629436111989
39,12,4.20469261939097,0.693147180559945,2.77258872223978
40,12,4.44265125649032,1.38629436111989,2.70805020110221
41,12,4.20469261939097,0,2.70805020110221
42,12,4.4188406077966,0.693147180559945,1.6094379124341
43,12,4.65396035015752,1.79175946922805,0.693147180559945
44,12,4.83628190695148,0.693147180559945,1.09861228866811
45,12,5.10594547390058,1.38629436111989,1.6094379124341
46,12,5.40267738187228,1.38629436111989,1.09861228866811
47,12,4.79579054559674,2.484906649788,1.09861228866811
48,12,0,0,0
49,12,3.8286413964891,2.83321334405622,1.79175946922805
50,12,0,0,0
51,12,0,0,0
52,12,5.46383180502561,1.09861228866811,0.693147180559945
53,12,5.42934562895444,0,1.6094379124341
54,12,5.54517744447956,0.693147180559945,1.09861228866811
55,12,5.79301360838414,1.09861228866811,0.693147180559945
56,12,6.06610809010375,0,0
57,12,0,0,0
58,12,5.28320372873799,1.6094379124341,0
59,12,5.25227342804663,0,0.693147180559945
60,12,5.76205138278018,0,0
61,12,5.6021188208797,1.09861228866811,0
62,12,5.3890717298165,0.693147180559945,0.693147180559945
63,12,5.38449506278909,1.09861228866811,0
0,13,5.14166355650266,0,0.693147180559945
1,13,5.36129216570943,0.693147180559945,0.693147180559945
2,13,5.68017260901707,0,0.693147180559945
3,13,5.09375020080676,0.693147180559945,0.693147180559945
4,13,4.49980967033027,1.6094379124341,1.09861228866811
5,13,4.84418708645859,0.693147180559945,1.38629436111989
6,13,5.19849703126583,0,0.693147180559945
7,13,5.14166355650266,1.38629436111989,0.693147180559945
8,13,5.14166355650266,0,0.693147180559945
9,13,4.969813299576,0.693147180559945,1.09861228866811
10,13,3.04452243772342,2.77258872223978,2.07944154167984
11,13,4.969813299576,0,0.693147180559945
12,13,3.85014760171006,2.30258509299405,0.693147180559945
13,13,4.92725368515721,0.693147180559945,0.693147180559945
14,13,5.11799381241676,0.693147180559945,1.38629436111989
15,13,5.19295685089021,0,0.693147180559945
16,13,5.14749447681345,1.09861228866811,1.94591014905531
17,13,5.17048399503815,0.693147180559945,1.09861228866811
18,13,5.29330482472449,1.38629436111989,1.09861228866811
19,13,5.4510384535657,1.09861228866811,1.38629436111989
20,13,5.0998664278242,0.693147180559945,1.09861228866811
21,13,4.93447393313069,1.38629436111989,2.19722457733622
22,13,5.4510384535657,0.693147180559945,1.38629436111989
23,13,5.53338948872752,0.693147180559945,1.09861228866811
24,13,4.96284463025991,0,1.09861228866811
25,13,3.55534806148941,0.693147180559945,1.6094379124341
26,13,2.07944154167984,1.94591014905531,1.94591014905531
27,13,0,2.99573227355399,2.07944154167984
28,13,1.09861228866811,0.693147180559945,2.94443897916644
29,13,0.693147180559945,2.07944154167984,3.76120011569356
30,13,1.38629436111989,1.79175946922805,3.2188758248682
31,13,0,2.63905732961526,2.77258872223978
32,13,1.94591014905531,2.70805020110221,2.39789527279837
33,13,1.6094379124341,2.484906649788,2.30258509299405
34,13,1.79175946922805,2.484906649788,2.07944154167984
35,13,1.94591014905531,3.13549421592915,1.79175946922805
36,13,2.07944154167984,2.83321334405622,1.6094379124341
37,13,3.04452243772342,3.29583686600433,1.94591014905531
38,13,3.78418963391826,3.09104245335832,1.6094379124341
39,13,4.72738781871234,2.19722457733622,2.56494935746154
40,13,4.35670882668959,1.79175946922805,2.70805020110221
41,13,3.80666248977032,2.07944154167984,2.19722457733622
42,13,4.24849524204936,1.6094379124341,2.39789527279837
43,13,4.83628190695148,1.09861228866811,1.38629436111989
44,13,5.34710753071747,1.09861228866811,1.94591014905531
45,13,4.77068462446567,0.693147180559945,1.38629436111989
46,13,5.24174701505964,1.09861228866811,1.09861228866811
47,13,4.85203026391962,1.6094379124341,1.6094379124341
48,13,0,0,0
49,13,0,0,0
50,13,4.06044301054642,2.07944154167984,0
51,13,4.89783979995091,1.6094379124341,1.6094379124341
52,13,5.11198778835654,1.09861228866811,0.693147180559945
53,13,4.93447393313069,0.693147180559945,1.09861228866811
54,13,0,0,0
55,13,0,0,0
56,13,5.68017260901707,0,0
57,13,5.56452040732269,0,1.09861228866811
58,13,0,0,0
59,13,0,0,0
60,13,4.77068462446567,0,1.09861228866811
61,13,4.82028156560504,0.693147180559945,0.693147180559945
62,13,5.605802066296,0,0
63,13,5.12989871492307,0,0
0,14,5.18738580584075,0,0
1,14,5.73334127689775,0.693147180559945,0.693147180559945
2,14,5.78382518232974,0.693147180559945,1.09861228866811
3,14,5.4553211153577,0.693147180559945,0.693147180559945
4,14,3.97029191355212,2.30258509299405,0
5,14,4.47733681447821,1.38629436111989,1.09861228866811
6,14,5.42934562895444,0.693147180559945,1.38629436111989
7,14,5.23110861685459,0,0
8,14,4.80402104473326,0.693147180559945,0.693147180559945
9,14,4.78749174278205,2.89037175789616,0.693147180559945
10,14,4.06044301054642,0,1.38629436111989
11,14,4.63472898822964,0.693147180559945,1.6094379124341
12,14,4.54329478227,0.693147180559945,0.693147180559945
13,14,5.05624580534831,2.07944154167984,1.09861228866811
14,14,5.01727983681492,1.09861228866811,1.94591014905531
15,14,4.99721227376411,0.693147180559945,1.38629436111989
16,14,6.11368217983223,0.693147180559945,1.09861228866811
17,14,5.18178355029209,0,1.09861228866811
18,14,5.52545293913178,0.693147180559945,1.09861228866811
19,14,5.04342511691925,1.09861228866811,1.79175946922805
20,14,4.91998092582813,0,1.09861228866811
21,14,4.9416424226093,0.693147180559945,1.6094379124341
22,14,4.969813299576,1.09861228866811,1.38629436111989
23,14,4.87519732320115,0.693147180559945,1.09861228866811
24,14,4.64439089914137,0.693147180559945,0.693147180559945
25,14,2.484906649788,1.79175946922805,2.19722457733622
26,14,0.693147180559945,1.79175946922805,2.30258509299405
27,14,1.09861228866811,3.71357206670431,1.94591014905531
28,14,0.693147180559945,3.46573590279973,2.70805020110221
29,14,1.38629436111989,2.56494935746154,2.99573227355399
30,14,0.693147180559945,3.2188758248682,2.30258509299405
31,14,1.09861228866811,2.56494935746154,2.70805020110221
32,14,1.94591014905531,3.52636052461616,2.56494935746154
33,14,0.693147180559945,3.29583686600433,3.36729582998647
34,14,1.09861228866811,2.99573227355399,1.38629436111989
35,14,1.09861228866811,3.40119738166216,1.09861228866811
36,14,2.39789527279837,3.61091791264422,1.38629436111989
37,14,1.94591014905531,2.99573227355399,1.09861228866811
38,14,2.484906649788,2.39789527279837,1.94591014905531
39,14,2.39789527279837,2.39789527279837,3.04452243772342
40,14,3.97029191355212,2.39789527279837,2.484906649788
41,14,2.484906649788,2.39789527279837,2.63905732961526
42,14,3.61091791264422,2.70805020110221,2.30258509299405
43,14,4.59511985013459,1.79175946922805,1.79175946922805
44,14,4.74493212836325,1.09861228866811,1.38629436111989
45,14,4.40671924726425,1.6094379124341,1.09861228866811
46,14,4.46590811865458,1.09861228866811,1.6094379124341
47,14,4.91265488573605,0,1.38629436111989
48,14,4.38202663467388,2.07944154167984,1.09861228866811
49,14,4.66343909411207,1.79175946922805,0.693147180559945
50,14,4.57471097850338,1.6094379124341,0.693147180559945
51,14,5.17614973257383,0.693147180559945,0
52,14,4.87519732320115,0,1.09861228866811
53,14,0,0,0
54,14,5.65248918026865,1.09861228866811,0.693147180559945
55,14,0,0,0
56,14,0,0,0
57,14,0,0,0
58,14,0,0,0
59,14,0,0,0
60,14,0,0,0
61,14,0,0,0
62,14,0,0,0
63,14,0,0,0
0,15,5.74300318780948,0.693147180559945,0.693147180559945
1,15,5.31320597904179,0,1.09861228866811
2,15,5.35185813347607,1.09861228866811,1.79175946922805
3,15,5.33753807970132,0,1.38629436111989
4,15,5.17614973257383,0.693147180559945,0.693147180559945
5,15,4.99043258677874,0,0
6,15,5.26269018890489,0,0.693147180559945
7,15,5.23644196282995,0.693147180559945,1.09861228866811
8,15,4.98360662170834,1.09861228866811,1.38629436111989
9,15,3.36729582998647,0,0.693147180559945
10,15,4.82028156560504,0,1.79175946922805
11,15,4.9416424226093,1.09861228866811,1.09861228866811
12,15,4.65396035015752,0.693147180559945,1.79175946922805
13,15,5.18178355029209,0,1.09861228866811
14,15,4.81218435537242,0,1.6094379124341
15,15,5.12989871492307,0,1.38629436111989
16,15,5.03695260241363,1.09861228866811,1.94591014905531
17,15,5.18738580584075,1.09861228866811,2.07944154167984
18,15,5.07517381523383,0.693147180559945,1.09861228866811
19,15,4.90527477843843,0,0.693147180559945
20,15,5.10594547390058,0.693147180559945,0.693147180559945
21,15,5.54517744447956,1.09861228866811,1.79175946922805
22,15,4.85203026391962,0.693147180559945,1.09861228866811
23,15,2.19722457733622,1.6094379124341,2.70805020110221
24,15,3.04452243772342,1.6094379124341,2.89037175789616
25,15,0.693147180559945,2.77258872223978,2.99573227355399
26,15,1.09861228866811,3.2188758248682,2.30258509299405
27,15,0,0.693147180559945,3.61091791264422
28,15,0.693147180559945,1.38629436111989,3.04452243772342
29,15,0,0,2.70805020110221
30,15,0,0,3.8286413964891
31,15,1.09861228866811,0.693147180559945,2.07944154167984
32,15,1.09861228866811,2.07944154167984,3.73766961828337
33,15,0,2.39789527279837,3.36729582998647
34,15,0.693147180559945,3.3322045101752,2.19722457733622
35,15,1.79175946922805,2.89037175789616,1.79175946922805
36,15,1.6094379124341,3.25809653802148,1.09861228866811
37,15,1.94591014905531,3.13549421592915,2.07944154167984
38,15,1.38629436111989,2.07944154167984,2.30258509299405
39,15,0,1.94591014905531,2.39789527279837
40,15,1.94591014905531,2.70805020110221,2.83321334405622
41,15,1.79175946922805,3.13549421592915,2.56494935746154
42,15,4.24849524204936,2.19722457733622,1.79175946922805
43,15,4.00733318523247,1.38629436111989,2.07944154167984
44,15,4.52178857704904,1.38629436111989,1.6094379124341
45,15,4.15888308335967,2.83321334405622,1.6094379124341
46,15,4.24849524204936,2.484906649788,1.6094379124341
47,15,4.30406509320417,2.30258509299405,1.79175946922805
48,15,4.49980967033027,2.63905732961526,1.79175946922805
49,15,4.91998092582813,0.693147180559945,1.6094379124341
50,15,5.00394630594546,0,1.09861228866811
51,15,5.04985600724954,0.693147180559945,0.693147180559945
52,15,5.01727983681492,0,0.693147180559945
53,15,5.15329159449778,1.09861228866811,1.09861228866811
54,15,5.37063802812766,0,1.6094379124341
55,15,0,0,0
56,15,0,0,0
57,15,0,0,0
58,15,0,0,0
59,15,0,0,0
60,15,0,0,0
61,15,0,0,0
62,15,0,0,0
63,15,0,0,0
0,16,5.47646355193151,0,1.38629436111989
1,16,5.09375020080676,0,1.38629436111989
2,16,5.33753807970132,0.693147180559945,0.693147180559945
3,16,5.45958551414416,0,0.693147180559945
4,16,5.54907608489522,0,1.38629436111989
5,16,5.41610040220442,1.09861228866811,1.6094379124341
6,16,5.10594547390058,0.693147180559945,1.38629436111989
7,16,5.08140436498446,0,1.09861228866811
8,16,5.20948615284142,0.693147180559945,1.09861228866811
9,16,4.61512051684126,0.693147180559945,1.38629436111989
10,16,4.77912349311153,0.693147180559945,0.693147180559945
11,16,4.82028156560504,0.693147180559945,1.38629436111989
12,16,4.91265488573605,0,1.38629436111989
13,16,5.21493575760899,0.693147180559945,1.94591014905531
14,16,5.50125821054473,0,0.693147180559945
15,16,5.32300997913841,0,1.6094379124341
16,16,5.29831736654804,1.09861228866811,1.38629436111989
17,16,5.07517381523383,1.38629436111989,0
18,16,5.08140436498446,0.693147180559945,1.38629436111989
19,16,4.46590811865458,1.09861228866811,1.6094379124341
20,16,4.969813299576,1.09861228866811,0.693147180559945
21,16,3.36729582998647,1.38629436111989,1.94591014905531
22,16,2.07944154167984,1.6094379124341,2.19722457733622
23,16,1.94591014905531,2.99573227355399,1.38629436111989
24,16,1.09861228866811,3.3322045101752,2.77258872223978
25,16,0,1.38629436111989,3.43398720448515
26,16,0,0,3.68887945411394
27,16,0,0.693147180559945,1.6094379124341
28,16,0,0,1.09861228866811
29,16,1.09861228866811,1.6094379124341,2.07944154167984
30,16,1.79175946922805,0,2.484906649788
31,16,0.693147180559945,1.38629436111989,2.77258872223978
32,16,0,0.693147180559945,1.94591014905531
33,16,0.693147180559945,0,3.97029191355212
34,16,0.693147180559945,2.39789527279837,2.77258872223978
35,16,1.6094379124341,2.484906649788,3.17805383034795
36,16,1.38629436111989,2.70805020110221,2.30258509299405
37,16,0,3.52636052461616,2.30258509299405
38,16,0,3.73766961828337,2.07944154167984
39,16,1.09861228866811,2.63905732961526,2.484906649788
40,16,1.94591014905531,2.484906649788,2.77258872223978
41,16,1.38629436111989,3.29583686600433,1.94591014905531
42,16,2.77258872223978,3.2188758248682,2.484906649788
43,16,2.484906649788,3.13549421592915,1.94591014905531
44,16,4.00733318523247,1.38629436111989,2.30258509299405
45,16,3.58351893845611,2.94443897916644,2.39789527279837
46,16,3.93182563272433,2.07944154167984,1.79175946922805
47,16,4.24849524204936,2.19722457733622,2.07944154167984
48,16,4.4188406077966,1.6094379124341,2.07944154167984
49,16,5.17048399503815,0.693147180559945,1.94591014905531
50,16,5.35658627467201,0.693147180559945,1.6094379124341
51,16,4.77068462446567,1.79175946922805,1.38629436111989
52,16,5.06259503302697,1.09861228866811,1.09861228866811
53,16,4.89034912822175,1.38629436111989,0.693147180559945
54,16,0,0,0
55,16,0,0,0
56,16,0,0,0
57,16,0,0,0
58,16,0,0,0
59,16,0,0,0
60,16,0,0,0
61,16,0,0,0
62,16,0,0,0
63,16,0,0,0
0,17,5.68017260901707,0.693147180559945,1.09861228866811
1,17,4.78749174278205,1.09861228866811,1.09861228866811
2,17,5.52146091786225,0.693147180559945,0.693147180559945
3,17,5.17614973257383,0.693147180559945,0.693147180559945
4,17,5.73009978297357,0,0
5,17,5.24174701505964,0.693147180559945,0.693147180559945
6,17,4.97673374242057,1.09861228866811,0.693147180559945
7,17,5.12396397940326,0,1.6094379124341
8,17,5.24174701505964,0,0.693147180559945
9,17,4.60517018598809,0.693147180559945,0
10,17,4.54329478227,1.09861228866811,1.09861228866811
11,17,5.48063892334199,0,1.38629436111989
12,17,5.01063529409626,0,1.6094379124341
13,17,4.94875989037817,0.693147180559945,1.79175946922805
14,17,5.17614973257383,0,1.79175946922805
15,17,4.54329478227,0.693147180559945,2.07944154167984
16,17,4.92725368515721,1.38629436111989,1.38629436111989
17,17,4.67282883446191,0,1.6094379124341
18,17,4.66343909411207,0.693147180559945,1.94591014905531
19,17,3.61091791264422,0,2.19722457733622
20,17,3.89182029811063,0,1.79175946922805
21,17,2.19722457733622,1.6094379124341,2.07944154167984
22,17,1.79175946922805,3.04452243772342,1.94591014905531
23,17,0.693147180559945,4.02535169073515,1.09861228866811
24,17,0.693147180559945,3.29583686600433,2.70805020110221
25,17,0,1.38629436111989,3.93182563272433
26,17,0,0,2.94443897916644
27,17,0,0,2.39789527279837
28,17,1.38629436111989,0.693147180559945,2.94443897916644
29,17,1.94591014905531,1.09861228866811,3.2188758248682
30,17,1.09861228866811,1.09861228866811,2.39789527279837
31,17,1.38629436111989,1.79175946922805,2.94443897916644
32,17,0.693147180559945,1.38629436111989,2.39789527279837
33,17,1.6094379124341,1.09861228866811,3.13549421592915
34,17,1.38629436111989,2.39789527279837,3.17805383034795
35,17,0.693147180559945,1.6094379124341,2.83321334405622
36,17,0.693147180559945,2.89037175789616,2.19722457733622
37,17,1.38629436111989,1.94591014905531,3.40119738166216
38,17,0,3.29583686600433,2.56494935746154
39,17,1.6094379124341,2.89037175789616,3.2188758248682
40,17,1.6094379124341,3.17805383034795,2.77258872223978
41,17,1.6094379124341,3.66356164612965,2.484906649788
42,17,1.94591014905531,3.49650756146648,1.38629436111989
43,17,2.39789527279837,3.3322045101752,1.94591014905531
44,17,3.61091791264422,1.09861228866811,2.30258509299405
45,17,4.58496747867057,2.19722457733622,2.39789527279837
46,17,4.29045944114839,1.94591014905531,2.39789527279837
47,17,4.21950770517611,0.693147180559945,2.484906649788
48,17,4.30406509320417,1.38629436111989,2.30258509299405
49,17,4.27666611901606,1.09861228866811,2.70805020110221
50,17,4.56434819146784,1.09861228866811,2.07944154167984
51,17,4.90527477843843,1.09861228866811,1.94591014905531
52,17,4.65396035015752,3.17805383034795,1.09861228866811
53,17,4.92725368515721,0.693147180559945,0
54,17,0,0,0
55,17,0,0,0
56,17,0,0,0
57,17,0,0,0
58,17,0,0,0
59,17,0,0,0
60,17,0,0,0
61,17,0,0,0
62,17,0,0,0
63,17,0,0,0
0,18,5.23644196282995,1.09861228866811,0
1,18,4.84418708645859,0.693147180559945,0
2,18,4.87519732320115,0,0
3,18,5.31320597904179,0,1.09861228866811
4,18,4.85981240436167,0,1.6094379124341
5,18,5.30330490805908,0.693147180559945,0.693147180559945
6,18,5.08759633523238,1.09861228866811,1.09861228866811
7,18,5.21493575760899,0.693147180559945,0.693147180559945
8,18,4.77068462446567,0,1.38629436111989
9,18,4.56434819146784,0,1.38629436111989
10,18,4.36944785246702,0,1.38629436111989
11,18,4.76217393479776,1.09861228866811,1.38629436111989
12,18,4.77068462446567,0.693147180559945,0
13,18,4.93447393313069,0.693147180559945,1.09861228866811
14,18,4.8283137373023,0,0
15,18,4.69134788222914,1.38629436111989,1.94591014905531
16,18,4.65396035015752,1.09861228866811,2.484906649788
17,18,4.15888308335967,0.693147180559945,1.79175946922805
18,18,3.36729582998647,0.693147180559945,2.30258509299405
19,18,0.693147180559945,1.09861228866811,2.30258509299405
20,18,1.79175946922805,0.693147180559945,2.07944154167984
21,18,0.693147180559945,3.63758615972639,2.63905732961526
22,18,0.693147180559945,3.98898404656427,1.38629436111989
23,18,1.38629436111989,3.80666248977032,1.94591014905531
24,18,1.09861228866811,3.36729582998647,2.89037175789616
25,18,0,1.94591014905531,3.58351893845611
26,18,0,0,4.21950770517611
27,18,1.09861228866811,0,1.94591014905531
28,18,1.6094379124341,0,2.484906649788
29,18,1.79175946922805,0.693147180559945,3.04452243772342
30,18,1.94591014905531,0.693147180559945,2.77258872223978
31,18,0.693147180559945,0.693147180559945,1.94591014905531
32,18,0,0.693147180559945,2.39789527279837
33,18,0.693147180559945,1.09861228866811,3.09104245335832
34,18,0.693147180559945,2.19722457733622,3.09104245335832
35,18,1.38629436111989,2.39789527279837,3.29583686600433
36,18,1.38629436111989,2.63905732961526,3.04452243772342
37,18,0,1.79175946922805,3.66356164612965
38,18,0,0.693147180559945,3.91202300542815
39,18,0,0.693147180559945,3.04452243772342
40,18,1.38629436111989,1.6094379124341,3.3322045101752
41,18,1.38629436111989,2.484906649788,3.78418963391826
42,18,1.6094379124341,3.17805383034795,3.17805383034795
43,18,1.38629436111989,2.30258509299405,2.63905732961526
44,18,3.63758615972639,2.70805020110221,2.39789527279837
45,18,3.80666248977032,2.19722457733622,2.39789527279837
46,18,4.11087386417331,0.693147180559945,1.79175946922805
47,18,4.31748811353631,1.6094379124341,2.39789527279837
48,18,4.47733681447821,1.6094379124341,3.04452243772342
49,18,4.94875989037817,1.09861228866811,2.30258509299405
50,18,4.11087386417331,1.09861228866811,1.79175946922805
51,18,4.72738781871234,0.693147180559945,0.693147180559945
52,18,5.18738580584075,0,1.94591014905531
53,18,5.37527840768417,1.09861228866811,0
54,18,0,0,0
55,18,0,0,0
56,18,0,0,0
57,18,0,0,0
58,18,0,0,0
59,18,0,0,0
60,18,0,0,0
61,18,0,0,0
62,18,0,0,0
63,18,0,0,0
0,19,5.40267738187228,0.693147180559945,0.693147180559945
1,19,5.57972982598622,0,0
2,19,5.15329159449778,0.693147180559945,0
3,19,4.92725368515721,0.693147180559945,1.09861228866811
4,19,4.99721227376411,1.09861228866811,1.09861228866811
5,19,4.40671924726425,0,1.79175946922805
6,19,5.17614973257383,0.693147180559945,1.09861228866811
7,19,5.00394630594546,0,0.693147180559945
8,19,4.79579054559674,0.693147180559945,1.6094379124341
9,19,3.40119738166216,0,2.07944154167984
10,19,4.60517018598809,0,1.6094379124341
11,19,4.85981240436167,1.09861228866811,0.693147180559945
12,19,4.91998092582813,0,1.79175946922805
13,19,5.02388052084628,0.693147180559945,1.79175946922805
14,19,4.77068462446567,0.693147180559945,1.09861228866811
15,19,4.66343909411207,0.693147180559945,1.79175946922805
16,19,4.72738781871234,0,1.6094379124341
17,19,2.89037175789616,1.09861228866811,2.89037175789616
18,19,1.6094379124341,1.09861228866811,2.70805020110221
19,19,1.6094379124341,1.38629436111989,2.484906649788
20,19,1.6094379124341,2.94443897916644,2.70805020110221
21,19,0,4.12713438504509,2.19722457733622
22,19,1.09861228866811,3.66356164612965,2.07944154167984
23,19,1.09861228866811,4.06044301054642,2.56494935746154
24,19,1.09861228866811,3.36729582998647,2.484906649788
25,19,1.38629436111989,1.6094379124341,3.87120101090789
26,19,0,0,4.36944785246702
27,19,0.693147180559945,0,2.39789527279837
28,19,1.09861228866811,1.09861228866811,2.83321334405622
29,19,1.38629436111989,0.693147180559945,3.04452243772342
30,19,0.693147180559945,0,1.79175946922805
31,19,0,0,3.17805383034795
32,19,1.6094379124341,1.38629436111989,3.40119738166216
33,19,1.79175946922805,2.39789527279837,2.77258872223978
34,19,1.09861228866811,1.94591014905531,3.09104245335832
35,19,1.09861228866811,2.77258872223978,3.2188758248682
36,19,0.693147180559945,2.77258872223978,3.25809653802148
37,19,1.6094379124341,1.79175946922805,3.25809653802148
38,19,1.79175946922805,1.09861228866811,3.55534806148941
39,19,0.693147180559945,0,3.58351893845611
40,19,0,0,3.13549421592915
41,19,0,0.693147180559945,3.89182029811063
42,19,1.6094379124341,2.70805020110221,2.94443897916644
43,19,1.09861228866811,2.99573227355399,2.30258509299405
44,19,1.94591014905531,3.29583686600433,2.99573227355399
45,19,1.94591014905531,2.70805020110221,2.56494935746154
46,19,4.20469261939097,1.09861228866811,2.56494935746154
47,19,4.44265125649032,2.07944154167984,2.56494935746154
48,19,3.97029191355212,0.693147180559945,2.484906649788
49,19,4.67282883446191,1.38629436111989,2.07944154167984
50,19,4.55387689160054,1.94591014905531,1.38629436111989
51,19,4.77068462446567,1.94591014905531,0
52,19,5.21493575760899,0.693147180559945,1.6094379124341
53,19,4.96284463025991,1.09861228866811,0
54,19,4.9416424226093,0.693147180559945,2.07944154167984
55,19,5.56068163101553,1.09861228866811,0
56,19,0,0,0
57,19,0,0,0
58,19,0,0,0
59,19,0,0,0
60,19,0,0,0
61,19,0,0,0
62,19,0,0,0
63,19,0,0,0
0,20,3.89182029811063,2.70805020110221,0.693147180559945
1,20,5.97635090929793,0,0.693147180559945
2,20,4.98360662170834,0,0
3,20,5.59471137960184,1.09861228866811,1.09861228866811
4,20,5.26269018890489,0.693147180559945,1.38629436111989
5,20,4.72738781871234,0,0
6,20,4.90527477843843,0,1.94591014905531
7,20,4.72738781871234,1.09861228866811,0.693147180559945
8,20,4.54329478227,0,1.6094379124341
9,20,4.04305126783455,1.38629436111989,1.38629436111989
10,20,3.85014760171006,2.56494935746154,0
11,20,5.0998664278242,0,1.38629436111989
12,20,4.74493212836325,1.6094379124341,1.6094379124341
13,20,4.63472898822964,1.6094379124341,1.09861228866811
14,20,4.54329478227,0.693147180559945,1.79175946922805
15,20,5.0998664278242,0,1.94591014905531
16,20,4.17438726989564,0.693147180559945,1.79175946922805
17,20,1.6094379124341,1.09861228866811,3.13549421592915
18,20,1.79175946922805,1.38629436111989,2.56494935746154
19,20,1.94591014905531,3.68887945411394,2.39789527279837
20,20,1.79175946922805,3.52636052461616,2.56494935746154
21,20,0,3.2188758248682,3.2188758248682
22,20,0.693147180559945,3.68887945411394,1.6094379124341
23,20,0,2.77258872223978,3.87120101090789
24,20,1.6094379124341,2.77258872223978,2.63905732961526
25,20,0.693147180559945,1.09861228866811,4.40671924726425
26,20,0,0,3.98898404656427
27,20,0.693147180559945,0,2.63905732961526
28,20,1.38629436111989,0.693147180559945,2.77258872223978
29,20,1.38629436111989,0.693147180559945,2.99573227355399
30,20,0,0,3.78418963391826
31,20,0.693147180559945,0,3.04452243772342
32,20,1.79175946922805,2.07944154167984,3.25809653802148
33,20,0.693147180559945,1.94591014905531,2.94443897916644
34,20,1.09861228866811,3.09104245335832,3.17805383034795
35,20,0.693147180559945,2.484906649788,3.43398720448515
36,20,1.09861228866811,1.09861228866811,3.25809653802148
37,20,1.09861228866811,0,3.29583686600433
38,20,1.79175946922805,0,3.43398720448515
39,20,1.38629436111989,0.693147180559945,3.61091791264422
40,20,0.693147180559945,0,2.484906649788
41,20,0,0,3.61091791264422
42,20,0.693147180559945,1.94591014905531,3.78418963391826
43,20,0.693147180559945,1.6094379124341,4.11087386417331
44,20,1.38629436111989,2.70805020110221,2.07944154167984
45,20,2.56494935746154,3.13549421592915,2.56494935746154
46,20,2.484906649788,2.56494935746154,2.56494935746154
47,20,2.83321334405622,2.39789527279837,2.70805020110221
48,20,4.54329478227,1.79175946922805,2.19722457733622
49,20,4.87519732320115,1.09861228866811,1.38629436111989
50,20,4.71849887129509,0.693147180559945,2.70805020110221
51,20,4.58496747867057,1.94591014905531,1.38629436111989
52,20,5.04342511691925,0.693147180559945,0.693147180559945
53,20,4.81218435537242,0.693147180559945,0.693147180559945
54,20,4.61512051684126,1.09861228866811,0
55,20,4.51085950651685,0.693147180559945,1.6094379124341
56,20,0,0,0
57,20,0,0,0
58,20,0,0,0
59,20,0,0,0
60,20,0,0,0
61,20,0,0,0
62,20,0,0,0
63,20,0,0,0
0,21,3.49650756146648,0,1.09861228866811
1,21,5.4971682252932,0,0.693147180559945
2,21,5.17614973257383,0,0.693147180559945
3,21,5.45958551414416,0,1.09861228866811
4,21,5.2040066870768,0.693147180559945,1.09861228866811
5,21,4.88280192258637,0.693147180559945,1.79175946922805
6,21,4.53259949315326,0,1.38629436111989
7,21,4.78749174278205,1.38629436111989,1.09861228866811
8,21,4.33073334028633,0,1.6094379124341
9,21,4.40671924726425,1.09861228866811,1.09861228866811
10,21,4.72738781871234,0,1.09861228866811
11,21,4.51085950651685,0,1.09861228866811
12,21,5.21493575760899,0,0.693147180559945
13,21,4.62497281328427,1.09861228866811,1.6094379124341
14,21,4.46590811865458,0,1.79175946922805
15,21,2.77258872223978,0.693147180559945,2.30258509299405
16,21,2.07944154167984,1.09861228866811,2.39789527279837
17,21,1.79175946922805,0.693147180559945,3.2188758248682
18,21,0,2.39789527279837,3.36729582998647
19,21,0,2.94443897916644,3.09104245335832
20,21,0,2.39789527279837,3.17805383034795
21,21,0,0.693147180559945,3.93182563272433
22,21,0.693147180559945,1.94591014905531,4.15888308335967
23,21,0,0,4.30406509320417
24,21,0.693147180559945,1.94591014905531,4.18965474202643
25,21,0,0,4.31748811353631
26,21,0,0,3.43398720448515
27,21,1.09861228866811,0,3.04452243772342
28,21,1.6094379124341,0,3.49650756146648
29,21,1.09861228866811,0.693147180559945,3.04452243772342
30,21,0.693147180559945,0,2.94443897916644
31,21,0.693147180559945,1.09861228866811,3.49650756146648
32,21,1.38629436111989,2.19722457733622,3.04452243772342
33,21,0.693147180559945,1.94591014905531,2.89037175789616
34,21,1.94591014905531,2.63905732961526,3.25809653802148
35,21,1.6094379124341,1.94591014905531,2.89037175789616
36,21,1.09861228866811,1.09861228866811,3.25809653802148
37,21,1.38629436111989,0,3.2188758248682
38,21,2.19722457733622,0,3.76120011569356
39,21,0.693147180559945,0,3.17805383034795
40,21,1.09861228866811,0,2.83321334405622
41,21,0.693147180559945,0.693147180559945,3.49650756146648
42,21,0,0,2.99573227355399
43,21,0.693147180559945,0,2.89037175789616
44,21,0,2.07944154167984,3.71357206670431
45,21,1.09861228866811,3.40119738166216,2.30258509299405
46,21,2.19722457733622,2.83321334405622,2.39789527279837
47,21,2.30258509299405,2.07944154167984,2.39789527279837
48,21,2.39789527279837,1.6094379124341,2.89037175789616
49,21,4.67282883446191,0.693147180559945,1.6094379124341
50,21,4.48863636973214,0.693147180559945,2.19722457733622
51,21,3.95124371858143,1.79175946922805,2.19722457733622
52,21,4.70048036579242,0.693147180559945,1.38629436111989
53,21,4.58496747867057,0,1.79175946922805
54,21,5.34710753071747,1.09861228866811,0.693147180559945
55,21,4.82028156560504,1.09861228866811,0.693147180559945
56,21,5.37527840768417,0.693147180559945,0.693147180559945
57,21,0,0,0
58,21,0,0,0
59,21,0,0,0
60,21,0,0,0
61,21,0,0,0
62,21,0,0,0
63,21,0,0,0
0,22,5.29831736654804,0,0
1,22,5.19295685089021,0,1.09861228866811
2,22,5.17048399503815,0,0.693147180559945
3,22,5.14749447681345,0,0
4,22,4.85981240436167,1.09861228866811,0
5,22,4.85981240436167,0,1.09861228866811
6,22,3.04452243772342,0,0.693147180559945
7,22,2.83321334405622,3.04452243772342,1.09861228866811
8,22,3.97029191355212,1.38629436111989,2.07944154167984
9,22,5.18178355029209,1.38629436111989,1.6094379124341
10,22,4.67282883446191,0.693147180559945,1.94591014905531
11,22,5.08759633523238,0,0.693147180559945
12,22,4.70048036579242,1.09861228866811,1.09861228866811
13,22,4.00733318523247,0,1.79175946922805
14,22,3.68887945411394,1.94591014905531,1.6094379124341
15,22,2.70805020110221,1.79175946922805,2.77258872223978
16,22,2.30258509299405,1.38629436111989,2.39789527279837
17,22,2.07944154167984,3.52636052461616,2.77258872223978
18,22,1.09861228866811,3.80666248977032,2.83321334405622
19,22,0,1.38629436111989,3.66356164612965
20,22,0,0,2.99573227355399
21,22,1.09861228866811,0,1.6094379124341
22,22,0,0,2.56494935746154
23,22,0.693147180559945,0,2.70805020110221
24,22,0,0,4.06044301054642
25,22,0.693147180559945,0,2.56494935746154
26,22,0.693147180559945,0,2.30258509299405
27,22,0.693147180559945,0,3.25809653802148
28,22,0.693147180559945,0.693147180559945,3.17805383034795
29,22,0,0.693147180559945,3.09104245335832
30,22,0.693147180559945,0,2.77258872223978
31,22,0,0.693147180559945,3.36729582998647
32,22,0.693147180559945,1.79175946922805,3.17805383034795
33,22,1.38629436111989,1.6094379124341,3.40119738166216
34,22,1.79175946922805,2.07944154167984,2.94443897916644
35,22,1.79175946922805,2.83321334405622,3.13549421592915
36,22,1.6094379124341,1.79175946922805,3.25809653802148
37,22,1.79175946922805,1.09861228866811,3.52636052461616
38,22,1.09861228866811,1.38629436111989,2.94443897916644
39,22,1.09861228866811,1.6094379124341,3.49650756146648
40,22,0,1.09861228866811,3.3322045101752
41,22,1.09861228866811,1.79175946922805,3.3322045101752
42,22,0.693147180559945,0,3.25809653802148
43,22,0,0,2.30258509299405
44,22,1.09861228866811,0,4.12713438504509
45,22,1.6094379124341,2.70805020110221,2.99573227355399
46,22,1.79175946922805,2.56494935746154,2.19722457733622
47,22,1.6094379124341,1.79175946922805,2.484906649788
48,22,2.30258509299405,2.30258509299405,2.07944154167984
49,22,2.70805020110221,1.6094379124341,2.63905732961526
50,22,4.63472898822964,1.6094379124341,1.6094379124341
51,22,5.41610040220442,1.38629436111989,2.07944154167984
52,22,4.39444915467244,0,1.6094379124341
53,22,4.69134788222914,0.693147180559945,1.09861228866811
54,22,5.19849703126583,0,0.693147180559945
55,22,4.93447393313069,0,0
56,22,5.18178355029209,1.09861228866811,0
57,22,0,0,0
58,22,0,0,0
59,22,0,0,0
60,22,0,0,0
61,22,0,0,0
62,22,0,0,0
63,22,0,0,0
0,23,5.24702407216049,0.693147180559945,0.693147180559945
1,23,6.01859321449623,0,1.09861228866811
2,23,5.48063892334199,0.693147180559945,1.09861228866811
3,23,5.27811465923052,0.693147180559945,1.38629436111989
4,23,5.01063529409626,0,0.693147180559945
5,23,5.19295685089021,0,0.693147180559945
6,23,3.91202300542815,0,0
7,23,2.07944154167984,0.693147180559945,0
8,23,4.66343909411207,1.09861228866811,1.94591014905531
9,23,4.53259949315326,1.6094379124341,1.38629436111989
10,23,4.79579054559674,0,1.94591014905531
11,23,4.56434819146784,0,1.6094379124341
12,23,4.81218435537242,0,1.09861228866811
13,23,4.15888308335967,1.6094379124341,1.09861228866811
14,23,2.484906649788,1.38629436111989,2.484906649788
15,23,2.07944154167984,0,2.56494935746154
16,23,2.19722457733622,1.09861228866811,2.484906649788
17,23,0.693147180559945,2.484906649788,2.70805020110221
18,23,1.79175946922805,3.71357206670431,2.77258872223978
19,23,0,1.09861228866811,3.71357206670431
20,23,0,0,1.79175946922805
21,23,0.693147180559945,0.693147180559945,3.04452243772342
22,23,0.693147180559945,0,2.94443897916644
23,23,1.38629436111989,0.693147180559945,3.2188758248682
24,23,0,0,2.39789527279837
25,23,0.693147180559945,0,3.2188758248682
26,23,1.38629436111989,0,2.99573227355399
27,23,0,0,2.39789527279837
28,23,1.09861228866811,0,1.94591014905531
29,23,1.09861228866811,0,2.07944154167984
30,23,1.38629436111989,0.693147180559945,3.13549421592915
31,23,0.693147180559945,0.693147180559945,3.2188758248682
32,23,0.693147180559945,1.38629436111989,2.99573227355399
33,23,1.79175946922805,0.693147180559945,3.17805383034795
34,23,1.38629436111989,1.09861228866811,3.73766961828337
35,23,1.38629436111989,2.30258509299405,2.89037175789616
36,23,0.693147180559945,1.38629436111989,3.40119738166216
37,23,1.09861228866811,0,3.40119738166216
38,23,1.09861228866811,0,2.77258872223978
39,23,0.693147180559945,0,3.52636052461616
40,23,1.38629436111989,0.693147180559945,3.40119738166216
41,23,0,0,2.77258872223978
42,23,0,0.693147180559945,2.07944154167984
43,23,1.09861228866811,1.09861228866811,3.36729582998647
44,23,1.09861228866811,2.19722457733622,3.58351893845611
45,23,1.79175946922805,3.46573590279973,2.07944154167984
46,23,1.6094379124341,2.89037175789616,2.484906649788
47,23,1.6094379124341,1.94591014905531,2.39789527279837
48,23,2.63905732961526,1.6094379124341,2.56494935746154
49,23,2.77258872223978,1.79175946922805,2.77258872223978
50,23,3.78418963391826,1.38629436111989,2.56494935746154
51,23,3.61091791264422,1.09861228866811,2.39789527279837
52,23,4.02535169073515,1.38629436111989,2.07944154167984
53,23,4.80402104473326,0.693147180559945,1.6094379124341
54,23,5.28826703069454,0,0
55,23,5.63478960316925,0,0
56,23,5.0998664278242,0.693147180559945,1.09861228866811
57,23,4.75359019110636,0,0.693147180559945
58,23,4.77912349311153,1.09861228866811,0.693147180559945
59,23,0,0,0
60,23,0,0,0
61,23,0,0,0
62,23,0,0,0
63,23,0,0,0
0,24,5.12396397940326,0,1.09861228866811
1,24,5.27299955856375,1.09861228866811,1.09861228866811
2,24,5.11799381241676,0.693147180559945,0.693147180559945
3,24,5.33753807970132,0,1.09861228866811
4,24,4.81218435537242,0,1.38629436111989
5,24,5.37527840768417,0,1.09861228866811
6,24,4.99721227376411,0,1.38629436111989
7,24,3.2188758248682,1.38629436111989,1.38629436111989
8,24,4.58496747867057,1.09861228866811,1.38629436111989
9,24,4.51085950651685,0.693147180559945,1.79175946922805
10,24,5.03695260241363,1.38629436111989,1.6094379124341
11,24,4.75359019110636,0.693147180559945,0
12,24,4.91998092582813,1.38629436111989,1.6094379124341
13,24,4.74493212836325,0.693147180559945,1.6094379124341
14,24,2.30258509299405,1.09861228866811,2.484906649788
15,24,2.19722457733622,1.79175946922805,2.56494935746154
16,24,2.19722457733622,1.94591014905531,2.484906649788
17,24,0.693147180559945,2.484906649788,2.77258872223978
18,24,1.09861228866811,2.94443897916644,2.70805020110221
19,24,0,0.693147180559945,3.78418963391826
20,24,0,0,2.89037175789616
21,24,0.693147180559945,0,2.30258509299405
22,24,1.38629436111989,0,3.29583686600433
23,24,0.693147180559945,0,2.63905732961526
24,24,1.38629436111989,0.693147180559945,2.77258872223978
25,24,0,0,3.17805383034795
26,24,0,0,2.99573227355399
27,24,0,0,4.06044301054642
28,24,0,0,3.8286413964891
29,24,0,0,3.55534806148941
30,24,0,0,1.94591014905531
31,24,1.09861228866811,0.693147180559945,2.83321334405622
32,24,1.09861228866811,1.09861228866811,2.30258509299405
33,24,0.693147180559945,0.693147180559945,2.63905732961526
34,24,1.09861228866811,1.09861228866811,3.55534806148941
35,24,1.09861228866811,1.09861228866811,3.46573590279973
36,24,0,1.09861228866811,3.43398720448515
37,24,0,0,3.49650756146648
38,24,0,0,3.04452243772342
39,24,1.09861228866811,0.693147180559945,3.52636052461616
40,24,0.693147180559945,0,2.89037175789616
41,24,0,0.693147180559945,4.24849524204936
42,24,1.09861228866811,1.09861228866811,4.04305126783455
43,24,0.693147180559945,2.70805020110221,2.83321334405622
44,24,1.38629436111989,2.99573227355399,2.484906649788
45,24,1.38629436111989,3.46573590279973,1.79175946922805
46,24,1.79175946922805,3.52636052461616,2.07944154167984
47,24,1.79175946922805,2.39789527279837,2.484906649788
48,24,2.39789527279837,2.19722457733622,1.94591014905531
49,24,2.484906649788,1.6094379124341,3.04452243772342
50,24,3.17805383034795,1.09861228866811,2.89037175789616
51,24,4.26267987704132,0.693147180559945,2.39789527279837
52,24,3.98898404656427,1.38629436111989,2.30258509299405
53,24,4.4188406077966,0,1.79175946922805
54,24,4.52178857704904,1.38629436111989,0.693147180559945
55,24,4.56434819146784,1.6094379124341,0.693147180559945
56,24,5.07517381523383,0,0
57,24,5.13579843705026,1.6094379124341,0.693147180559945
58,24,5.14749447681345,1.09861228866811,0
59,24,5.12989871492307,0.693147180559945,0.693147180559945
60,24,0,0,0
61,24,0,0,0
62,24,0,0,0
63,24,0,0,0
0,25,5.39362754635236,0.693147180559945,1.09861228866811
1,25,5.42053499927229,0,1.09861228866811
2,25,5.28320372873799,0,0.693147180559945
3,25,4.87519732320115,0.693147180559945,1.09861228866811
4,25,5.30826769740121,0,1.38629436111989
5,25,5.12989871492307,0,1.09861228866811
6,25,4.99043258677874,1.38629436111989,1.09861228866811
7,25,4.07753744390572,0,0
8,25,4.02535169073515,2.19722457733622,0
9,25,4.89034912822175,0,1.38629436111989
10,25,4.71849887129509,0.693147180559945,2.30258509299405
11,25,4.70953020131233,0.693147180559945,1.38629436111989
12,25,4.54329478227,1.09861228866811,0.693147180559945
13,25,4.83628190695148,0.693147180559945,1.79175946922805
14,25,3.85014760171006,0,1.94591014905531
15,25,2.30258509299405,0.693147180559945,2.56494935746154
16,25,2.07944154167984,3.68887945411394,2.30258509299405
17,25,2.39789527279837,3.04452243772342,1.94591014905531
18,25,1.79175946922805,2.39789527279837,2.89037175789616
19,25,0,0.693147180559945,3.66356164612965
20,25,0,0,3.93182563272433
21,25,1.09861228866811,0,1.09861228866811
22,25,1.38629436111989,0.693147180559945,2.56494935746154
23,25,0,0,2.70805020110221
24,25,0,0,2.484906649788
25,25,0,0,3.52636052461616
26,25,0,0,3.29583686600433
27,25,0.693147180559945,1.09861228866811,3.17805383034795
28,25,0.693147180559945,1.38629436111989,3.8286413964891
29,25,0,1.79175946922805,3.98898404656427
30,25,0,0,3.68887945411394
31,25,0,0,2.99573227355399
32,25,0,0,3.43398720448515
33,25,1.38629436111989,0,3.49650756146648
34,25,0.693147180559945,0,3.58351893845611
35,25,0,0.693147180559945,3.80666248977032
36,25,1.38629436111989,0.693147180559945,3.63758615972639
37,25,0.693147180559945,0,2.39789527279837
38,25,0.693147180559945,0,3.49650756146648
39,25,0,0,2.39789527279837
40,25,0.693147180559945,0,3.36729582998647
41,25,1.38629436111989,1.6094379124341,3.40119738166216
42,25,2.07944154167984,2.56494935746154,3.17805383034795
43,25,1.94591014905531,3.29583686600433,2.63905732961526
44,25,1.6094379124341,3.43398720448515,2.19722457733622
45,25,2.19722457733622,3.68887945411394,2.39789527279837
46,25,1.94591014905531,3.29583686600433,2.07944154167984
47,25,2.07944154167984,2.30258509299405,2.39789527279837
48,25,2.07944154167984,2.07944154167984,2.63905732961526
49,25,3.36729582998647,1.09861228866811,2.63905732961526
50,25,4.35670882668959,1.79175946922805,2.77258872223978
51,25,4.26267987704132,1.09861228866811,2.07944154167984
52,25,4.43081679884331,1.38629436111989,1.6094379124341
53,25,4.30406509320417,0.693147180559945,0
54,25,4.65396035015752,0,0
55,25,4.97673374242057,0,0
56,25,4.54329478227,1.38629436111989,0.693147180559945
57,25,5.18738580584075,1.09861228866811,0.693147180559945
58,25,4.9416424226093,1.09861228866811,0
59,25,5.05624580534831,1.09861228866811,0
60,25,5.30826769740121,0,0
61,25,5.07517381523383,0.693147180559945,0
62,25,0,0,0
63,25,0,0,0
0,26,5.25749537202778,0,0.693147180559945
1,26,5.62040086571715,0.693147180559945,0
2,26,5.17614973257383,0,0
3,26,5.31320597904179,0,1.6094379124341
4,26,4.9416424226093,0,1.38629436111989
5,26,4.66343909411207,1.09861228866811,0
6,26,4.9416424226093,0,1.09861228866811
7,26,3.8286413964891,1.79175946922805,0
8,26,4.36944785246702,1.09861228866811,1.79175946922805
9,26,4.76217393479776,0,1.38629436111989
10,26,4.61512051684126,0.693147180559945,1.6094379124341
11,26,4.63472898822964,0,1.38629436111989
12,26,4.75359019110636,0,1.38629436111989
13,26,4.83628190695148,0.693147180559945,1.79175946922805
14,26,4.23410650459726,1.38629436111989,2.07944154167984
15,26,2.39789527279837,1.79175946922805,2.30258509299405
16,26,1.6094379124341,2.484906649788,2.484906649788
17,26,1.79175946922805,3.09104245335832,0.693147180559945
18,26,0,2.484906649788,2.70805020110221
19,26,0,0.693147180559945,4.07753744390572
20,26,0,0,3.29583686600433
21,26,1.09861228866811,0,2.70805020110221
22,26,1.79175946922805,0.693147180559945,3.36729582998647
23,26,0,0,2.70805020110221
24,26,1.09861228866811,0,3.71357206670431
25,26,0.693147180559945,0,3.09104245335832
26,26,0.693147180559945,1.94591014905531,3.09104245335832
27,26,1.79175946922805,2.77258872223978,3.2188758248682
28,26,0.693147180559945,2.484906649788,2.99573227355399
29,26,0,1.79175946922805,3.58351893845611
30,26,0,0,4.26267987704132
31,26,0,0.693147180559945,3.73766961828337
32,26,0.693147180559945,0,2.484906649788
33,26,0.693147180559945,0,2.70805020110221
34,26,1.09861228866811,0,3.09104245335832
35,26,0.693147180559945,0,2.484906649788
36,26,0.693147180559945,0,2.89037175789616
37,26,1.38629436111989,0,2.89037175789616
38,26,0.693147180559945,0,2.89037175789616
39,26,0,1.09861228866811,3.95124371858143
40,26,0.693147180559945,1.38629436111989,3.58351893845611
41,26,1.38629436111989,2.56494935746154,3.25809653802148
42,26,2.07944154167984,3.25809653802148,2.94443897916644
43,26,1.38629436111989,3.29583686600433,2.70805020110221
44,26,2.07944154167984,3.43398720448515,1.79175946922805
45,26,1.94591014905531,3.68887945411394,2.39789527279837
46,26,1.6094379124341,2.83321334405622,3.04452243772342
47,26,2.484906649788,2.89037175789616,2.77258872223978
48,26,3.25809653802148,2.07944154167984,2.94443897916644
49,26,4.61512051684126,1.09861228866811,2.30258509299405
50,26,4.33073334028633,1.09861228866811,1.94591014905531
51,26,4.06044301054642,0,1.09861228866811
52,26,4.54329478227,1.38629436111989,1.6094379124341
53,26,4.60517018598809,0,0.693147180559945
54,26,4.83628190695148,0.693147180559945,0
55,26,4.65396035015752,0.693147180559945,1.09861228866811
56,26,4.45434729625351,0.693147180559945,0
57,26,4.77068462446567,0,0.693147180559945
58,26,4.95582705760126,0,0.693147180559945
59,26,5.25749537202778,0.693147180559945,0
60,26,5.31811999384422,0,0
61,26,5.52942908751142,0,0
62,26,5.41610040220442,0,0
63,26,5.72031177660741,0,0
0,27,5.6937321388027,0.693147180559945,0
1,27,5.21493575760899,0.693147180559945,1.6094379124341
2,27,5.44241771052179,0.693147180559945,0.693147180559945
3,27,5.30826769740121,0.693147180559945,1.38629436111989
4,27,5.30330490805908,1.09861228866811,1.38629436111989
5,27,5.44241771052179,1.09861228866811,0.693147180559945
6,27,4.99043258677874,1.38629436111989,0.693147180559945
7,27,4.68213122712422,0,0.693147180559945
8,27,4.45434729625351,0,0
9,27,4.61512051684126,0,1.09861228866811
10,27,4.45434729625351,0.693147180559945,3.09104245335832
11,27,4.79579054559674,0,2.19722457733622
12,27,5.03695260241363,0.693147180559945,1.38629436111989
13,27,4.92725368515721,0.693147180559945,1.38629436111989
14,27,3.25809653802148,0,1.38629436111989
15,27,2.07944154167984,2.07944154167984,2.56494935746154
16,27,2.39789527279837,3.36729582998647,2.19722457733622
17,27,1.94591014905531,3.63758615972639,2.63905732961526
18,27,1.38629436111989,2.94443897916644,3.25809653802148
19,27,0,0.693147180559945,4.15888308335967
20,27,0,0,2.70805020110221
21,27,1.38629436111989,0,2.70805020110221
22,27,0.693147180559945,0,3.58351893845611
23,27,1.38629436111989,0,2.77258872223978
24,27,1.09861228866811,0,3.09104245335832
25,27,1.79175946922805,2.30258509299405,3.09104245335832
26,27,0.693147180559945,1.09861228866811,2.83321334405622
27,27,1.09861228866811,2.39789527279837,3.3322045101752
28,27,0.693147180559945,2.484906649788,3.25809653802148
29,27,0.693147180559945,2.56494935746154,3.17805383034795
30,27,0.693147180559945,1.38629436111989,3.58351893845611
31,27,0,0,3.58351893845611
32,27,0,0,3.25809653802148
33,27,0,0,2.77258872223978
34,27,0.693147180559945,0,3.17805383034795
35,27,0.693147180559945,0.693147180559945,3.2188758248682
36,27,0,0,3.17805383034795
37,27,0.693147180559945,0,2.30258509299405
38,27,0,0,3.87120101090789
39,27,0.693147180559945,0.693147180559945,3.76120011569356
40,27,1.09861228866811,1.6094379124341,3.63758615972639
41,27,1.09861228866811,0.693147180559945,3.89182029811063
42,27,1.38629436111989,2.56494935746154,3.36729582998647
43,27,1.09861228866811,1.79175946922805,3.09104245335832
44,27,1.79175946922805,2.94443897916644,2.39789527279837
45,27,1.6094379124341,3.46573590279973,2.484906649788
46,27,1.79175946922805,3.52636052461616,2.39789527279837
47,27,2.39789527279837,2.30258509299405,2.63905732961526
48,27,3.91202300542815,2.07944154167984,2.56494935746154
49,27,4.0943445622221,1.38629436111989,2.39789527279837
50,27,4.23410650459726,1.09861228866811,2.63905732961526
51,27,4.51085950651685,1.09861228866811,0
52,27,4.11087386417331,0.693147180559945,1.09861228866811
53,27,4.79579054559674,0,1.09861228866811
54,27,4.70953020131233,0.693147180559945,0.693147180559945
55,27,5.01727983681492,0,0
56,27,4.56434819146784,0.693147180559945,1.38629436111989
57,27,5.08140436498446,1.6094379124341,1.38629436111989
58,27,4.89783979995091,0,0
59,27,5.01727983681492,0.693147180559945,0.693147180559945
60,27,5.46806014113513,0,0
61,27,5.41164605185504,0,0
62,27,5.32787616878958,0.693147180559945,0
63,27,5.19849703126583,0,0
0,28,5.51745289646471,0.693147180559945,0.693147180559945
1,28,5.45958551414416,0,1.09861228866811
2,28,5.24174701505964,0.693147180559945,1.6094379124341
3,28,5.17048399503815,0.693147180559945,1.09861228866811
4,28,5.26269018890489,0.693147180559945,0.693147180559945
5,28,4.85981240436167,0.693147180559945,0
6,28,5.01727983681492,0.693147180559945,1.6094379124341
7,28,4.81218435537242,0.693147180559945,1.38629436111989
8,28,4.62497281328427,0,0.693147180559945
9,28,4.70953020131233,0,1.6094379124341
10,28,4.4188406077966,0,1.38629436111989
11,28,5.04985600724954,0,2.19722457733622
12,28,4.4188406077966,0,1.6094379124341
13,28,4.30406509320417,0.693147180559945,0.693147180559945
14,28,2.89037175789616,0.693147180559945,1.94591014905531
15,28,2.70805020110221,1.38629436111989,2.70805020110221
16,28,2.30258509299405,2.56494935746154,2.07944154167984
17,28,0.693147180559945,3.3322045101752,2.56494935746154
18,28,0.693147180559945,1.94591014905531,3.8286413964891
19,28,0.693147180559945,0,2.19722457733622
20,28,0.693147180559945,0.693147180559945,2.07944154167984
21,28,1.09861228866811,1.09861228866811,2.99573227355399
22,28,1.38629436111989,1.09861228866811,2.89037175789616
23,28,0.693147180559945,0,2.19722457733622
24,28,0,0.693147180559945,3.04452243772342
25,28,0.693147180559945,2.63905732961526,3.3322045101752
26,28,0.693147180559945,2.19722457733622,2.63905732961526
27,28,0.693147180559945,2.70805020110221,3.3322045101752
28,28,1.09861228866811,2.39789527279837,3.04452243772342
29,28,0.693147180559945,2.70805020110221,3.63758615972639
30,28,0,2.83321334405622,3.3322045101752
31,28,0,1.38629436111989,3.61091791264422
32,28,0,0,3.61091791264422
33,28,0,0.693147180559945,2.94443897916644
34,28,0,0,2.30258509299405
35,28,1.09861228866811,0.693147180559945,2.89037175789616
36,28,1.79175946922805,0.693147180559945,3.25809653802148
37,28,0.693147180559945,0.693147180559945,2.94443897916644
38,28,0,0,3.2188758248682
39,28,0,0,3.17805383034795
40,28,0,0.693147180559945,4.15888308335967
41,28,0,0,2.484906649788
42,28,0.693147180559945,0,2.99573227355399
43,28,0.693147180559945,0,1.94591014905531
44,28,1.79175946922805,1.09861228866811,3.61091791264422
45,28,1.6094379124341,2.19722457733622,3.49650756146648
46,28,1.38629436111989,2.99573227355399,2.484906649788
47,28,2.99573227355399,0.693147180559945,2.30258509299405
48,28,4.26267987704132,1.6094379124341,1.6094379124341
49,28,4.11087386417331,0,1.09861228866811
50,28,4.43081679884331,1.6094379124341,1.94591014905531
51,28,4.04305126783455,1.38629436111989,1.38629436111989
52,28,4.39444915467244,0,2.07944154167984
53,28,4.45434729625351,0,0
54,28,4.61512051684126,0.693147180559945,1.09861228866811
55,28,4.99043258677874,0.693147180559945,0
56,28,4.63472898822964,1.38629436111989,0
57,28,4.85203026391962,0,0
58,28,4.89034912822175,1.09861228866811,0.693147180559945
59,28,5.34710753071747,0.693147180559945,0
60,28,5.18178355029209,0,0
61,28,5.23644196282995,1.6094379124341,0
62,28,5.35658627467201,0.693147180559945,0
63,28,5.38449506278909,0,0
0,29,5.22035582507833,0,1.38629436111989
1,29,5.57215403217776,0,0.693147180559945
2,29,5.23644196282995,1.09861228866811,0.693147180559945
3,29,5.32787616878958,0.693147180559945,1.09861228866811
4,29,4.89034912822175,0,1.09861228866811
5,29,4.99043258677874,0.693147180559945,1.09861228866811
6,29,5.03043792139244,0,1.38629436111989
7,29,4.76217393479776,0.693147180559945,1.6094379124341
8,29,4.24849524204936,0,1.09861228866811
9,29,4.75359019110636,1.09861228866811,1.79175946922805
10,29,4.48863636973214,1.09861228866811,0.693147180559945
11,29,4.34380542185368,0,0
12,29,4.60517018598809,0,1.6094379124341
13,29,4.68213122712422,1.09861228866811,1.6094379124341
14,29,3.09104245335832,0,2.484906649788
15,29,2.39789527279837,1.6094379124341,2.89037175789616
16,29,2.19722457733622,2.70805020110221,2.89037175789616
17,29,1.09861228866811,3.43398720448515,2.63905732961526
18,29,0,0,3.66356164612965
19,29,1.09861228866811,1.38629436111989,2.39789527279837
20,29,1.09861228866811,0,3.09104245335832
21,29,1.09861228866811,0,2.70805020110221
22,29,0,0,3.13549421592915
23,29,0.693147180559945,0.693147180559945,1.79175946922805
24,29,0,0.693147180559945,2.99573227355399
25,29,0.693147180559945,2.19722457733622,3.04452243772342
26,29,0.693147180559945,3.36729582998647,2.484906649788
27,29,0,2.94443897916644,2.77258872223978
28,29,0.693147180559945,2.63905732961526,3.2188758248682
29,29,0.693147180559945,2.30258509299405,3.40119738166216
30,29,1.09861228866811,1.38629436111989,3.49650756146648
31,29,0,0,3.66356164612965
32,29,0.693147180559945,0,2.89037175789616
33,29,0.693147180559945,0,2.94443897916644
34,29,0.693147180559945,0,2.70805020110221
35,29,0.693147180559945,0,1.94591014905531
36,29,0,0.693147180559945,2.07944154167984
37,29,1.38629436111989,0.693147180559945,2.77258872223978
38,29,0.693147180559945,0,3.09104245335832
39,29,1.09861228866811,1.09861228866811,3.09104245335832
40,29,1.09861228866811,0.693147180559945,3.13549421592915
41,29,0.693147180559945,0.693147180559945,3.36729582998647
42,29,1.09861228866811,1.09861228866811,2.70805020110221
43,29,1.09861228866811,0,2.39789527279837
44,29,0,0,3.43398720448515
45,29,1.38629436111989,2.70805020110221,3.13549421592915
46,29,2.19722457733622,2.19722457733622,2.56494935746154
47,29,3.46573590279973,2.07944154167984,1.6094379124341
48,29,3.3322045101752,0,1.79175946922805
49,29,4.0943445622221,1.6094379124341,1.79175946922805
50,29,4.20469261939097,0,1.79175946922805
51,29,4.23410650459726,0,0
52,29,4.33073334028633,0,1.6094379124341
53,29,4.62497281328427,0,0
54,29,4.85981240436167,0.693147180559945,0
55,29,4.95582705760126,0.693147180559945,0
56,29,4.21950770517611,2.19722457733622,0
57,29,4.29045944114839,1.6094379124341,0.693147180559945
58,29,4.85981240436167,0,0.693147180559945
59,29,5.01727983681492,0.693147180559945,0.693147180559945
60,29,5.34233425196481,0,0
61,29,5.13579843705026,0.693147180559945,0
62,29,4.63472898822964,2.77258872223978,0
63,29,4.89783979995091,0,0.693147180559945
0,30,5.50125821054473,0,1.6094379124341
1,30,5.49306144334055,0,0
2,30,5.13579843705026,0,0
3,30,5.17048399503815,0.693147180559945,0
4,30,5.23644196282995,0,1.09861228866811
5,30,5.57594910314632,0.693147180559945,0.693147180559945
6,30,5.2257466737132,1.09861228866811,0.693147180559945
7,30,4.94875989037817,0.693147180559945,0
8,30,4.4188406077966,0.693147180559945,1.6094379124341
9,30,4.72738781871234,0,1.09861228866811
10,30,4.82028156560504,0.693147180559945,2.484906649788
11,30,4.04305126783455,0,1.6094379124341
12,30,4.59511985013459,0.693147180559945,1.09861228866811
13,30,3.78418963391826,2.07944154167984,1.6094379124341
14,30,2.63905732961526,0,2.70805020110221
15,30,1.94591014905531,1.6094379124341,1.6094379124341
16,30,1.94591014905531,3.43398720448515,2.484906649788
17,30,1.6094379124341,2.89037175789616,2.63905732961526
18,30,0,0.693147180559945,3.09104245335832
19,30,0.693147180559945,0.693147180559945,2.94443897916644
20,30,0.693147180559945,0,2.70805020110221
21,30,1.38629436111989,1.09861228866811,3.43398720448515
22,30,1.6094379124341,0,3.52636052461616
23,30,0,0.693147180559945,2.484906649788
24,30,0,0,3.09104245335832
25,30,0.693147180559945,2.19722457733622,2.94443897916644
26,30,1.6094379124341,3.09104245335832,2.70805020110221
27,30,0,2.83321334405622,3.09104245335832
28,30,0,2.70805020110221,2.99573227355399
29,30,0,0.693147180559945,3.97029191355212
30,30,0,0,4.34380542185368
31,30,0,0,3.40119738166216
32,30,0,0,2.484906649788
33,30,0,0.693147180559945,3.13549421592915
34,30,0.693147180559945,0,2.70805020110221
35,30,1.09861228866811,0,3.98898404656427
36,30,0.693147180559945,0.693147180559945,2.89037175789616
37,30,1.09861228866811,0,1.79175946922805
38,30,1.38629436111989,0.693147180559945,2.94443897916644
39,30,0.693147180559945,1.09861228866811,2.30258509299405
40,30,1.38629436111989,1.6094379124341,3.29583686600433
41,30,1.38629436111989,0.693147180559945,3.13549421592915
42,30,0.693147180559945,1.09861228866811,2.99573227355399
43,30,0,0,2.99573227355399
44,30,0,1.09861228866811,3.55534806148941
45,30,1.79175946922805,3.49650756146648,2.63905732961526
46,30,1.38629436111989,1.38629436111989,2.77258872223978
47,30,3.04452243772342,0.693147180559945,2.70805020110221
48,30,4.91265488573605,0.693147180559945,2.07944154167984
49,30,4.17438726989564,1.09861228866811,2.39789527279837
50,30,4.31748811353631,1.09861228866811,0
51,30,4.66343909411207,0,1.38629436111989
52,30,4.87519732320115,0,0
53,30,4.57471097850338,0,0
54,30,4.93447393313069,1.38629436111989,0
55,30,4.52178857704904,1.09861228866811,0
56,30,3.17805383034795,0,1.09861228866811
57,30,4.9416424226093,1.09861228866811,0.693147180559945
58,30,4.83628190695148,0,0
59,30,5.20948615284142,0,0.693147180559945
60,30,5.34710753071747,1.09861228866811,0
61,30,5.37527840768417,0.693147180559945,0
62,30,5.37989735354046,1.38629436111989,0.693147180559945
63,30,5.4553211153577,0.693147180559945,0
0,31,5.2257466737132,1.09861228866811,0
1,31,5.65599181081985,0.693147180559945,0.693147180559945
2,31,5.26785815906333,0.693147180559945,1.38629436111989
3,31,5.23644196282995,0.693147180559945,1.09861228866811
4,31,5.15329159449778,0.693147180559945,1.09861228866811
5,31,5.41610040220442,1.09861228866811,0.693147180559945
6,31,4.66343909411207,0,1.79175946922805
7,31,5.03695260241363,0,1.94591014905531
8,31,4.06044301054642,0,1.09861228866811
9,31,4.12713438504509,1.38629436111989,2.19722457733622
10,31,4.77068462446567,0.693147180559945,1.79175946922805
11,31,4.52178857704904,0,1.38629436111989
12,31,4.65396035015752,0.693147180559945,1.09861228866811
13,31,3.63758615972639,1.09861228866811,1.38629436111989
14,31,2.07944154167984,0.693147180559945,2.63905732961526
15,31,2.30258509299405,2.39789527279837,2.83321334405622
16,31,2.07944154167984,3.29583686600433,2.07944154167984
17,31,1.38629436111989,3.3322045101752,2.484906649788
18,31,0.693147180559945,0.693147180559945,3.71357206670431
19,31,0.693147180559945,0.693147180559945,3.25809653802148
20,31,1.79175946922805,0,2.484906649788
21,31,1.38629436111989,0.693147180559945,2.94443897916644
22,31,1.79175946922805,1.09861228866811,2.07944154167984
23,31,0,0,2.07944154167984
24,31,0.693147180559945,0,3.40119738166216
25,31,0,1.79175946922805,2.56494935746154
26,31,0.693147180559945,3.04452243772342,1.94591014905531
27,31,1.09861228866811,3.13549421592915,2.99573227355399
28,31,0.693147180559945,2.56494935746154,3.29583686600433
29,31,0,0,3.76120011569356
30,31,0,0,2.63905732961526
31,31,0,0,2.94443897916644
32,31,1.09861228866811,0,3.17805383034795
33,31,0.693147180559945,0,2.30258509299405
34,31,0,0,2.83321334405622
35,31,1.94591014905531,1.94591014905531,3.52636052461616
36,31,1.09861228866811,1.38629436111989,3.61091791264422
37,31,0.693147180559945,0,3.43398720448515
38,31,0,0.693147180559945,2.39789527279837
39,31,0.693147180559945,0.693147180559945,2.484906649788
40,31,0.693147180559945,0.693147180559945,2.77258872223978
41,31,0,0,3.68887945411394
42,31,0,0,1.94591014905531
43,31,1.09861228866811,2.19722457733622,3.73766961828337
44,31,1.38629436111989,2.56494935746154,2.83321334405622
45,31,1.94591014905531,1.38629436111989,2.19722457733622
46,31,2.30258509299405,1.6094379124341,1.6094379124341
47,31,4.57471097850338,1.09861228866811,1.94591014905531
48,31,4.14313472639153,1.38629436111989,1.38629436111989
49,31,4.40671924726425,0,1.38629436111989
50,31,5.06259503302697,0,1.94591014905531
51,31,5.11198778835654,0,0
52,31,4.72738781871234,1.38629436111989,1.38629436111989
53,31,4.95582705760126,1.09861228866811,0
54,31,4.74493212836325,0.693147180559945,0
55,31,3.63758615972639,1.38629436111989,0
56,31,4.00733318523247,0.693147180559945,0.693147180559945
57,31,4.77912349311153,1.6094379124341,0.693147180559945
58,31,4.68213122712422,0,0
59,31,5.13579843705026,0,0.693147180559945
60,31,5.25749537202778,0,0
61,31,5.36129216570943,0,0
62,31,5.09375020080676,0.693147180559945,0
63,31,5.19295685089021,1.79175946922805,0
0,32,5.4380793089232,0,0.693147180559945
1,32,5.10594547390058,0,0
2,32,5.74300318780948,1.09861228866811,0.693147180559945
3,32,5.10594547390058,1.38629436111989,1.09861228866811
4,32,5.64190707093811,1.09861228866811,0.693147180559945
5,32,5.15905529921453,1.09861228866811,1.38629436111989
6,32,5.02388052084628,0,1.09861228866811
7,32,4.75359019110636,1.38629436111989,1.09861228866811
8,32,4.56434819146784,2.39789527279837,1.6094379124341
9,32,4.80402104473326,1.09861228866811,1.6094379124341
10,32,4.51085950651685,1.38629436111989,1.09861228866811
11,32,4.54329478227,0.693147180559945,1.94591014905531
12,32,4.76217393479776,1.6094379124341,0
13,32,3.97029191355212,0,1.94591014905531
14,32,2.19722457733622,1.09861228866811,2.56494935746154
15,32,2.19722457733622,1.09861228866811,2.89037175789616
16,32,2.19722457733622,3.58351893845611,2.83321334405622
17,32,1.79175946922805,3.46573590279973,1.79175946922805
18,32,1.38629436111989,2.70805020110221,3.2188758248682
19,32,1.38629436111989,1.6094379124341,3.66356164612965
20,32,2.07944154167984,0,1.79175946922805
21,32,0.693147180559945,0,2.70805020110221
22,32,0.693147180559945,1.38629436111989,2.83321334405622
23,32,0,0,2.63905732961526
24,32,0.693147180559945,0,3.97029191355212
25,32,0.693147180559945,3.04452243772342,2.63905732961526
26,32,1.38629436111989,2.39789527279837,2.94443897916644
27,32,0.693147180559945,2.83321334405622,2.56494935746154
28,32,0,1.38629436111989,3.76120011569356
29,32,0,0,2.484906649788
30,32,0.693147180559945,0,2.70805020110221
31,32,1.09861228866811,0.693147180559945,3.25809653802148
32,32,1.38629436111989,0,3.17805383034795
33,32,0,0,2.07944154167984
34,32,1.09861228866811,0.693147180559945,3.8286413964891
35,32,1.09861228866811,2.77258872223978,3.13549421592915
36,32,1.94591014905531,1.79175946922805,2.77258872223978
37,32,1.38629436111989,1.79175946922805,3.36729582998647
38,32,0.693147180559945,0,1.94591014905531
39,32,1.09861228866811,2.19722457733622,3.25809653802148
40,32,0,0,4.30406509320417
41,32,1.38629436111989,2.56494935746154,3.17805383034795
42,32,0.693147180559945,2.19722457733622,3.36729582998647
43,32,1.6094379124341,2.07944154167984,3.09104245335832
44,32,2.19722457733622,2.83321334405622,2.484906649788
45,32,1.94591014905531,2.19722457733622,1.79175946922805
46,32,2.94443897916644,1.09861228866811,2.484906649788
47,32,3.95124371858143,0,1.6094379124341
48,32,4.33073334028633,1.09861228866811,1.94591014905531
49,32,4.18965474202643,0.693147180559945,2.07944154167984
50,32,4.61512051684126,0.693147180559945,1.6094379124341
51,32,5.08759633523238,0.693147180559945,1.94591014905531
52,32,4.94875989037817,0,0
53,32,4.91265488573605,1.09861228866811,0.693147180559945
54,32,4.79579054559674,1.6094379124341,0
55,32,4.30406509320417,0.693147180559945,0
56,32,4.54329478227,1.09861228866811,0
57,32,4.96284463025991,0,0
58,32,4.77068462446567,0,0.693147180559945
59,32,5.30826769740121,0.693147180559945,0
60,32,5.12396397940326,1.09861228866811,0
61,32,5.18178355029209,0,0.693147180559945
62,32,5.40717177146012,1.09861228866811,0
63,32,5.08759633523238,1.09861228866811,0
0,33,5.29831736654804,1.09861228866811,0
1,33,5.28320372873799,0.693147180559945,0.693147180559945
2,33,5.29831736654804,1.38629436111989,0.693147180559945
3,33,5.6937321388027,0,0.693147180559945
4,33,5.27299955856375,0,0.693147180559945
5,33,5.67332326717149,0.693147180559945,0.693147180559945
6,33,5.14749447681345,0,0
7,33,5.3890717298165,0.693147180559945,1.38629436111989
8,33,4.0943445622221,0,2.19722457733622
9,33,4.77912349311153,1.6094379124341,0
10,33,4.39444915467244,0,1.09861228866811
11,33,4.52178857704904,1.09861228866811,1.38629436111989
12,33,4.24849524204936,0,1.6094379124341
13,33,4.20469261939097,0.693147180559945,1.38629436111989
14,33,3.13549421592915,0.693147180559945,1.79175946922805
15,33,2.83321334405622,1.6094379124341,1.94591014905531
16,33,2.30258509299405,2.56494935746154,1.79175946922805
17,33,1.79175946922805,3.66356164612965,2.63905732961526
18,33,1.94591014905531,3.13549421592915,1.79175946922805
19,33,1.38629436111989,2.56494935746154,3.04452243772342
20,33,0.693147180559945,0.693147180559945,3.25809653802148
21,33,0,0,2.83321334405622
22,33,0,0,2.77258872223978
23,33,0.693147180559945,0,4.11087386417331
24,33,0,1.6094379124341,3.09104245335832
25,33,0.693147180559945,3.09104245335832,2.89037175789616
26,33,1.38629436111989,2.56494935746154,2.70805020110221
27,33,0,2.94443897916644,2.77258872223978
28,33,0,0,3.97029191355212
29,33,0.693147180559945,0,2.56494935746154
30,33,0,0,3.2188758248682
31,33,1.09861228866811,0.693147180559945,2.77258872223978
32,33,0.693147180559945,0,2.70805020110221
33,33,0,0,2.99573227355399
34,33,0.693147180559945,2.07944154167984,3.63758615972639
35,33,1.79175946922805,2.83321334405622,2.63905732961526
36,33,2.19722457733622,2.70805020110221,2.89037175789616
37,33,1.38629436111989,2.94443897916644,2.30258509299405
38,33,1.38629436111989,1.09861228866811,2.89037175789616
39,33,1.38629436111989,3.17805383034795,2.30258509299405
40,33,1.6094379124341,2.83321334405622,2.89037175789616
41,33,2.19722457733622,2.484906649788,2.39789527279837
42,33,1.6094379124341,2.83321334405622,2.70805020110221
43,33,1.79175946922805,1.09861228866811,3.04452243772342
44,33,2.56494935746154,2.07944154167984,2.19722457733622
45,33,3.2188758248682,1.38629436111989,2.07944154167984
46,33,2.94443897916644,0,2.30258509299405
47,33,4.0943445622221,0,1.94591014905531
48,33,4.43081679884331,1.09861228866811,2.07944154167984
49,33,4.35670882668959,0,0.693147180559945
50,33,4.70048036579242,0.693147180559945,2.07944154167984
51,33,4.53259949315326,0.693147180559945,1.09861228866811
52,33,4.66343909411207,1.38629436111989,0.693147180559945
53,33,4.87519732320115,1.6094379124341,0
54,33,4.93447393313069,0,0
55,33,4.77912349311153,0,1.38629436111989
56,33,5.04985600724954,0,0
57,33,5.01063529409626,0.693147180559945,0
58,33,5.06890420222023,0,0
59,33,4.93447393313069,1.38629436111989,0
60,33,5.23644196282995,0.693147180559945,0
61,33,5.28320372873799,1.09861228866811,0
62,33,5.19849703126583,0.693147180559945,0
63,33,5.13579843705026,0,0
0,34,5.40267738187228,0,0.693147180559945
1,34,5.80814248998044,0,0
2,34,5.67675380226828,0.693147180559945,0
3,34,5.75574221358691,0,0
4,34,5.47646355193151,0,0
5,34,5.21493575760899,0,0.693147180559945
6,34,5.50125821054473,1.09861228866811,0
7,34,5.37063802812766,0,0.693147180559945
8,34,4.77068462446567,1.09861228866811,1.38629436111989
9,34,4.06044301054642,0,0
10,34,4.9416424226093,0,0.693147180559945
11,34,4.46590811865458,0,1.09861228866811
12,34,4.96284463025991,0.693147180559945,0.693147180559945
13,34,4.77912349311153,1.09861228866811,1.38629436111989
14,34,4.34380542185368,0,0
15,34,4.11087386417331,0.693147180559945,1.6094379124341
16,34,2.19722457733622,0.693147180559945,2.56494935746154
17,34,2.07944154167984,1.38629436111989,1.6094379124341
18,34,1.94591014905531,3.66356164612965,1.38629436111989
19,34,1.09861228866811,3.61091791264422,1.94591014905531
20,34,1.09861228866811,3.52636052461616,3.09104245335832
21,34,0,2.39789527279837,3.8286413964891
22,34,0,1.6094379124341,4.11087386417331
23,34,0,2.39789527279837,1.94591014905531
24,34,1.09861228866811,2.63905732961526,2.30258509299405
25,34,1.6094379124341,2.77258872223978,1.38629436111989
26,34,0.693147180559945,2.70805020110221,2.39789527279837
27,34,1.09861228866811,2.94443897916644,2.89037175789616
28,34,0,0,3.93182563272433
29,34,0,0,1.6094379124341
30,34,0,0,2.56494935746154
31,34,1.09861228866811,1.09861228866811,2.77258872223978
32,34,0.693147180559945,1.09861228866811,2.70805020110221
33,34,0,0,3.17805383034795
34,34,1.38629436111989,1.94591014905531,3.71357206670431
35,34,1.38629436111989,3.25809653802148,1.94591014905531
36,34,0.693147180559945,3.46573590279973,2.56494935746154
37,34,1.09861228866811,2.484906649788,2.63905732961526
38,34,1.94591014905531,2.83321334405622,2.30258509299405
39,34,1.79175946922805,1.09861228866811,1.79175946922805
40,34,1.94591014905531,2.56494935746154,3.25809653802148
41,34,3.2188758248682,2.19722457733622,2.30258509299405
42,34,2.56494935746154,1.79175946922805,2.30258509299405
43,34,4.18965474202643,1.09861228866811,1.79175946922805
44,34,3.55534806148941,1.38629436111989,2.30258509299405
45,34,3.91202300542815,0.693147180559945,1.6094379124341
46,34,4.20469261939097,1.38629436111989,1.38629436111989
47,34,4.44265125649032,0.693147180559945,2.30258509299405
48,34,4.60517018598809,0,1.09861228866811
49,34,4.80402104473326,0,0.693147180559945
50,34,4.59511985013459,0,0
51,34,4.85203026391962,0,0
52,34,4.75359019110636,0,1.09861228866811
53,34,4.70953020131233,0,0
54,34,4.84418708645859,1.09861228866811,0
55,34,4.96284463025991,1.38629436111989,0
56,34,4.62497281328427,0,0.693147180559945
57,34,4.86753445045558,1.38629436111989,0
58,34,5.06259503302697,0.693147180559945,0
59,34,4.77068462446567,0,0
60,34,5.15329159449778,0.693147180559945,0
61,34,4.92725368515721,0.693147180559945,0
62,34,5.26785815906333,0,0
63,34,5.38449506278909,0.693147180559945,0
0,35,5.54126354515843,0.693147180559945,0
1,35,5.46383180502561,0,0
2,35,5.45958551414416,0,0
3,35,5.02388052084628,0,0
4,35,5.37527840768417,1.94591014905531,0
5,35,5.34233425196481,0.693147180559945,0.693147180559945
6,35,5.52146091786225,0,0.693147180559945
7,35,5.31320597904179,1.09861228866811,1.09861228866811
8,35,3.55534806148941,2.77258872223978,0.693147180559945
9,35,5.09375020080676,0,0.693147180559945
10,35,4.85981240436167,0.693147180559945,1.09861228866811
11,35,4.89783979995091,0.693147180559945,1.38629436111989
12,35,4.84418708645859,0,0.693147180559945
13,35,4.24849524204936,0.693147180559945,1.38629436111989
14,35,4.72738781871234,1.09861228866811,1.09861228866811
15,35,4.35670882668959,1.09861228866811,0.693147180559945
16,35,2.99573227355399,0.693147180559945,1.94591014905531
17,35,2.56494935746154,1.09861228866811,1.79175946922805
18,35,1.94591014905531,2.63905732961526,2.484906649788
19,35,1.79175946922805,2.77258872223978,1.6094379124341
20,35,0.693147180559945,3.71357206670431,1.38629436111989
21,35,1.09861228866811,3.04452243772342,0.693147180559945
22,35,1.09861228866811,2.56494935746154,1.79175946922805
23,35,0.693147180559945,0.693147180559945,1.09861228866811
24,35,0.693147180559945,2.39789527279837,1.79175946922805
25,35,1.09861228866811,2.484906649788,2.19722457733622
26,35,1.09861228866811,2.19722457733622,2.484906649788
27,35,0,2.70805020110221,2.07944154167984
28,35,1.09861228866811,1.6094379124341,3.04452243772342
29,35,0.693147180559945,1.09861228866811,4.07753744390572
30,35,0,0,2.56494935746154
31,35,1.09861228866811,0,3.66356164612965
32,35,0.693147180559945,0,2.70805020110221
33,35,1.38629436111989,2.77258872223978,3.61091791264422
34,35,1.6094379124341,2.63905732961526,3.29583686600433
35,35,2.07944154167984,2.94443897916644,2.63905732961526
36,35,1.38629436111989,2.30258509299405,2.70805020110221
37,35,2.63905732961526,1.94591014905531,2.484906649788
38,35,2.83321334405622,1.6094379124341,2.63905732961526
39,35,3.46573590279973,1.38629436111989,2.30258509299405
40,35,3.04452243772342,1.94591014905531,3.13549421592915
41,35,3.98898404656427,1.6094379124341,1.79175946922805
42,35,4.67282883446191,0,1.6094379124341
43,35,4.58496747867057,0,1.79175946922805
44,35,4.51085950651685,0,2.56494935746154
45,35,4.33073334028633,0,1.09861228866811
46,35,3.91202300542815,0,0
47,35,4.27666611901606,0,1.38629436111989
48,35,4.45434729625351,0,1.38629436111989
49,35,4.75359019110636,0,1.09861228866811
50,35,4.94875989037817,0,0.693147180559945
51,35,5.15329159449778,0,0
52,35,4.89783979995091,0.693147180559945,0
53,35,4.45434729625351,1.09861228866811,0.693147180559945
54,35,4.06044301054642,0,0.693147180559945
55,35,4.8283137373023,0,0
56,35,4.7361984483945,0,0
57,35,4.9416424226093,0,1.09861228866811
58,35,5.23644196282995,0,0
59,35,5.07517381523383,0,0
60,35,5.17048399503815,0,0
61,35,5.17048399503815,0,0
62,35,5.0998664278242,0,0
63,35,5.17048399503815,0,0
0,36,5.44241771052179,0,0.693147180559945
1,36,5.35658627467201,0.693147180559945,0.693147180559945
2,36,5.33753807970132,0,0
3,36,5.53338948872752,0.693147180559945,0
4,36,5.33753807970132,0.693147180559945,0.693147180559945
5,36,5.22035582507833,0.693147180559945,0
6,36,5.48479693349065,0,0.693147180559945
7,36,4.93447393313069,0.693147180559945,0
8,36,4.96284463025991,1.6094379124341,0
9,36,5.41164605185504,0.693147180559945,1.09861228866811
10,36,4.31748811353631,2.19722457733622,0.693147180559945
11,36,4.60517018598809,0.693147180559945,0.693147180559945
12,36,4.23410650459726,1.09861228866811,1.79175946922805
13,36,4.65396035015752,0.693147180559945,0.693147180559945
14,36,4.55387689160054,0,0.693147180559945
15,36,4.14313472639153,0,1.38629436111989
16,36,4.55387689160054,0.693147180559945,1.09861228866811
17,36,4.62497281328427,0.693147180559945,1.09861228866811
18,36,1.38629436111989,1.09861228866811,1.6094379124341
19,36,2.07944154167984,0.693147180559945,1.38629436111989
20,36,1.79175946922805,3.29583686600433,0.693147180559945
21,36,1.38629436111989,3.04452243772342,0.693147180559945
22,36,1.38629436111989,2.19722457733622,1.6094379124341
23,36,1.38629436111989,2.07944154167984,1.38629436111989
24,36,1.38629436111989,1.79175946922805,0.693147180559945
25,36,1.38629436111989,2.07944154167984,2.56494935746154
26,36,1.94591014905531,2.56494935746154,1.38629436111989
27,36,0.693147180559945,2.99573227355399,2.19722457733622
28,36,1.6094379124341,3.17805383034795,2.70805020110221
29,36,1.6094379124341,3.3322045101752,2.30258509299405
30,36,1.09861228866811,1.94591014905531,3.63758615972639
31,36,1.09861228866811,2.83321334405622,2.56494935746154
32,36,1.09861228866811,2.07944154167984,3.78418963391826
33,36,2.07944154167984,2.07944154167984,2.56494935746154
34,36,1.94591014905531,2.19722457733622,2.70805020110221
35,36,2.70805020110221,1.09861228866811,2.39789527279837
36,36,1.94591014905531,2.484906649788,1.38629436111989
37,36,3.71357206670431,1.09861228866811,1.6094379124341
38,36,3.25809653802148,1.38629436111989,1.79175946922805
39,36,3.80666248977032,1.38629436111989,2.30258509299405
40,36,4.55387689160054,0.693147180559945,2.484906649788
41,36,4.45434729625351,0.693147180559945,2.39789527279837
42,36,4.35670882668959,1.38629436111989,2.07944154167984
43,36,4.40671924726425,0.693147180559945,0.693147180559945
44,36,4.35670882668959,1.38629436111989,1.6094379124341
45,36,4.57471097850338,0,1.09861228866811
46,36,4.62497281328427,0,1.09861228866811
47,36,5.33753807970132,0,1.09861228866811
48,36,4.77068462446567,0,0
49,36,4.39444915467244,0,0
50,36,4.30406509320417,0,1.38629436111989
51,36,4.39444915467244,0,0
52,36,4.87519732320115,0,1.09861228866811
53,36,4.48863636973214,0,0
54,36,4.84418708645859,0,0
55,36,4.57471097850338,0,0
56,36,4.77912349311153,1.6094379124341,0.693147180559945
57,36,5.4971682252932,0.693147180559945,0
58,36,4.56434819146784,0,0
59,36,4.99721227376411,0,0
60,36,5.01063529409626,0,0
61,36,5.27811465923052,0.693147180559945,0.693147180559945
62,36,5.20948615284142,0.693147180559945,0
63,36,5.54517744447956,0,0
0,37,5.59471137960184,0.693147180559945,1.6094379124341
1,37,5.64897423816121,1.38629436111989,1.09861228866811
2,37,5.06890420222023,0,0.693147180559945
3,37,5.06890420222023,0,0.693147180559945
4,37,5.23110861685459,0,0.693147180559945
5,37,5.26269018890489,0.693147180559945,1.09861228866811
6,37,5.39816270151775,0.693147180559945,0
7,37,5.23644196282995,0.693147180559945,0
8,37,4.89034912822175,1.6094379124341,0.693147180559945
9,37,5.10594547390058,1.09861228866811,0
10,37,4.58496747867057,0,1.38629436111989
11,37,4.57471097850338,1.94591014905531,0
12,37,4.49980967033027,0.693147180559945,0.693147180559945
13,37,3.93182563272433,0.693147180559945,1.09861228866811
14,37,4.53259949315326,0,1.09861228866811
15,37,4.38202663467388,0,1.09861228866811
16,37,4.47733681447821,0,1.09861228866811
17,37,4.47733681447821,0,0.693147180559945
18,37,3.73766961828337,0.693147180559945,1.09861228866811
19,37,2.56494935746154,0,1.38629436111989
20,37,1.79175946922805,1.09861228866811,0.693147180559945
21,37,1.94591014905531,1.6094379124341,0.693147180559945
22,37,1.79175946922805,3.29583686600433,1.79175946922805
23,37,2.39789527279837,1.38629436111989,1.79175946922805
24,37,2.30258509299405,1.79175946922805,1.79175946922805
25,37,1.09861228866811,1.79175946922805,0.693147180559945
26,37,1.6094379124341,2.83321334405622,2.19722457733622
27,37,1.79175946922805,2.89037175789616,2.19722457733622
28,37,0.693147180559945,3.04452243772342,1.94591014905531
29,37,1.79175946922805,1.38629436111989,1.09861228866811
30,37,1.38629436111989,2.77258872223978,1.94591014905531
31,37,2.56494935746154,1.94591014905531,2.30258509299405
32,37,1.94591014905531,2.70805020110221,2.89037175789616
33,37,2.39789527279837,1.94591014905531,2.77258872223978
34,37,2.56494935746154,1.09861228866811,1.79175946922805
35,37,1.94591014905531,1.79175946922805,2.19722457733622
36,37,2.39789527279837,1.09861228866811,1.94591014905531
37,37,3.43398720448515,0,1.09861228866811
38,37,3.17805383034795,0,2.63905732961526
39,37,3.40119738166216,1.09861228866811,2.30258509299405
40,37,4.0943445622221,1.09861228866811,1.09861228866811
41,37,4.12713438504509,0,2.07944154167984
42,37,3.98898404656427,0,1.79175946922805
43,37,4.11087386417331,0,1.79175946922805
44,37,4.48863636973214,0,1.09861228866811
45,37,4.30406509320417,0,0
46,37,4.52178857704904,1.09861228866811,0
47,37,4.74493212836325,0.693147180559945,0
48,37,4.46590811865458,0.693147180559945,0
49,37,4.48863636973214,0,0
50,37,4.65396035015752,0.693147180559945,0
51,37,4.70048036579242,1.38629436111989,0
52,37,4.79579054559674,1.09861228866811,1.09861228866811
53,37,4.53259949315326,1.79175946922805,0
54,37,4.36944785246702,1.38629436111989,0
55,37,4.63472898822964,0,0
56,37,0,0,0
57,37,0,0,0
58,37,5.24702407216049,0,0.693147180559945
59,37,5.48063892334199,0,0
60,37,5.26785815906333,1.09861228866811,0
61,37,4.85203026391962,0,0.693147180559945
62,37,5.10594547390058,0.693147180559945,0
63,37,5.12396397940326,1.09861228866811,0
0,38,5.44673737166631,1.09861228866811,2.19722457733622
1,38,5.09375020080676,1.6094379124341,0
2,38,5.20948615284142,1.38629436111989,0
3,38,5.50533153593236,0.693147180559945,0.693147180559945
4,38,5.2040066870768,0,0
5,38,5.11198778835654,0,0
6,38,5.01063529409626,0.693147180559945,0.693147180559945
7,38,5.15329159449778,0,0
8,38,5.16478597392351,0,0
9,38,5.07517381523383,0,0
10,38,4.99043258677874,0.693147180559945,0
11,38,5.10594547390058,0,0.693147180559945
12,38,4.70953020131233,0.693147180559945,0
13,38,4.47733681447821,0,1.09861228866811
14,38,4.4188406077966,1.09861228866811,0
15,38,4.67282883446191,1.09861228866811,0
16,38,4.7361984483945,0.693147180559945,1.09861228866811
17,38,3.89182029811063,0,0
18,38,3.66356164612965,0,0
19,38,4.0943445622221,0.693147180559945,0.693147180559945
20,38,2.484906649788,0,0.693147180559945
21,38,1.79175946922805,0,0
22,38,1.94591014905531,1.38629436111989,0
23,38,1.94591014905531,0,0
24,38,2.56494935746154,1.94591014905531,1.38629436111989
25,38,2.30258509299405,1.09861228866811,0
26,38,2.39789527279837,0.693147180559945,2.07944154167984
27,38,2.19722457733622,1.6094379124341,1.09861228866811
28,38,1.79175946922805,1.94591014905531,2.30258509299405
29,38,2.07944154167984,1.79175946922805,0
30,38,2.07944154167984,1.94591014905531,2.07944154167984
31,38,2.56494935746154,1.79175946922805,1.6094379124341
32,38,2.30258509299405,1.6094379124341,1.38629436111989
33,38,3.98898404656427,0,1.38629436111989
34,38,2.63905732961526,1.09861228866811,1.6094379124341
35,38,3.91202300542815,2.07944154167984,0
36,38,3.55534806148941,1.38629436111989,1.94591014905531
37,38,3.52636052461616,1.09861228866811,0.693147180559945
38,38,4.11087386417331,1.09861228866811,2.19722457733622
39,38,4.31748811353631,0,1.6094379124341
40,38,4.17438726989564,1.09861228866811,1.79175946922805
41,38,4.47733681447821,0,0
42,38,4.24849524204936,0,1.09861228866811
43,38,4.18965474202643,0,0
44,38,4.76217393479776,1.38629436111989,0
45,38,4.06044301054642,1.38629436111989,1.38629436111989
46,38,4.23410650459726,0,1.09861228866811
47,38,3.98898404656427,0.693147180559945,1.09861228866811
48,38,4.55387689160054,1.09861228866811,0.693147180559945
49,38,4.91265488573605,1.09861228866811,0
50,38,4.80402104473326,1.38629436111989,1.38629436111989
51,38,3.61091791264422,0,0.693147180559945
52,38,3.52636052461616,1.38629436111989,0
53,38,4.40671924726425,0,0
54,38,4.80402104473326,0,0.693147180559945
55,38,4.00733318523247,0,0.693147180559945
56,38,4.93447393313069,0,0
57,38,4.74493212836325,0,0
58,38,0,0,0
59,38,0,0,0
60,38,5.22035582507833,0,0.693147180559945
61,38,5.14166355650266,0,0
62,38,5.19295685089021,0,0
63,38,0,0,0
0,39,5.43372200355424,0.693147180559945,0.693147180559945
1,39,5.53338948872752,0,1.09861228866811
2,39,5.50938833662798,0,0
3,39,5.605802066296,0,0.693147180559945
4,39,5.0998664278242,1.38629436111989,0
5,39,5.48063892334199,0,0
6,39,5.35658627467201,0,0.693147180559945
7,39,5.79909265446053,0.693147180559945,0
8,39,4.99721227376411,0,0.693147180559945
9,39,5.66642668811243,0,0.693147180559945
10,39,5.55682806169954,0,1.38629436111989
11,39,5.40717177146012,0,0
12,39,4.77912349311153,0,1.38629436111989
13,39,4.78749174278205,0.693147180559945,0.693147180559945
14,39,4.75359019110636,0,1.38629436111989
15,39,4.92725368515721,0.693147180559945,0.693147180559945
16,39,4.61512051684126,0,0
17,39,4.74493212836325,0,1.38629436111989
18,39,3.58351893845611,0.693147180559945,0
19,39,4.35670882668959,1.38629436111989,0.693147180559945
20,39,3.04452243772342,0.693147180559945,0
21,39,2.56494935746154,0,0.693147180559945
22,39,2.07944154167984,0.693147180559945,0
23,39,2.19722457733622,0,1.09861228866811
24,39,2.484906649788,1.09861228866811,0
25,39,3.17805383034795,0.693147180559945,1.09861228866811
26,39,2.39789527279837,0,0
27,39,4.12713438504509,1.38629436111989,0
28,39,3.46573590279973,0.693147180559945,1.94591014905531
29,39,4.47733681447821,0,0
30,39,3.85014760171006,0.693147180559945,1.38629436111989
31,39,4.27666611901606,1.09861228866811,1.38629436111989
32,39,4.31748811353631,1.09861228866811,2.07944154167984
33,39,4.18965474202643,1.38629436111989,1.38629436111989
34,39,3.91202300542815,1.38629436111989,1.38629436111989
35,39,4.12713438504509,0,0.693147180559945
36,39,3.93182563272433,0.693147180559945,0
37,39,3.93182563272433,0.693147180559945,0
38,39,4.12713438504509,0.693147180559945,1.6094379124341
39,39,4.54329478227,0,1.09861228866811
40,39,4.14313472639153,0,1.09861228866811
41,39,4.45434729625351,0,0
42,39,4.46590811865458,1.09861228866811,0
43,39,4.35670882668959,1.09861228866811,0
44,39,4.59511985013459,1.09861228866811,1.38629436111989
45,39,4.88280192258637,1.09861228866811,0
46,39,4.59511985013459,0.693147180559945,0.693147180559945
47,39,4.75359019110636,1.79175946922805,0
48,39,4.92725368515721,0,1.38629436111989
49,39,4.58496747867057,0,0
50,39,3.93182563272433,0,0
51,39,4.62497281328427,1.38629436111989,0
52,39,4.60517018598809,0,0
53,39,4.44265125649032,0,1.09861228866811
54,39,4.57471097850338,0,0
55,39,4.91265488573605,0,0
56,39,4.56434819146784,0,0
57,39,5.45958551414416,0.693147180559945,0
58,39,5.05624580534831,0,0.693147180559945
59,39,0,0,0
60,39,0,0,0
61,39,0,0,0
62,39,5.31320597904179,0.693147180559945,0
63,39,0,0,0
0,40,5.62762111369064,0,1.38629436111989
1,40,5.56452040732269,0,0.693147180559945
2,40,5.32300997913841,0,0
3,40,5.66988092298052,0,0
4,40,5.32787616878958,0,0
5,40,5.52146091786225,0,0
6,40,5.36129216570943,0,0
7,40,5.57972982598622,0,0
8,40,5.11799381241676,1.09861228866811,0
9,40,5.12396397940326,0,0
10,40,5.18178355029209,0.693147180559945,0.693147180559945
11,40,5.01727983681492,0,0
12,40,4.44265125649032,0,0.693147180559945
13,40,4.93447393313069,1.09861228866811,0.693147180559945
14,40,4.99721227376411,0,0
15,40,4.72738781871234,2.07944154167984,0.693147180559945
16,40,4.48863636973214,0,0
17,40,4.87519732320115,0.693147180559945,0
18,40,4.34380542185368,0,0
19,40,4.17438726989564,0.693147180559945,0
20,40,3.97029191355212,0.693147180559945,0
21,40,4.14313472639153,0.693147180559945,0
22,40,3.52636052461616,0,1.09861228866811
23,40,3.80666248977032,0.693147180559945,0
24,40,4.0943445622221,0.693147180559945,0
25,40,4.06044301054642,0.693147180559945,0
26,40,4.12713438504509,0,0.693147180559945
27,40,4.26267987704132,0,1.38629436111989
28,40,4.56434819146784,0,0
29,40,4.45434729625351,0,1.38629436111989
30,40,4.31748811353631,1.79175946922805,1.38629436111989
31,40,4.24849524204936,0,1.09861228866811
32,40,4.15888308335967,1.38629436111989,1.09861228866811
33,40,4.48863636973214,0,0
34,40,4.51085950651685,0,0
35,40,4.39444915467244,0,0
36,40,4.31748811353631,0,0
37,40,4.36944785246702,1.09861228866811,0
38,40,4.65396035015752,0,1.79175946922805
39,40,4.79579054559674,0,1.38629436111989
40,40,4.35670882668959,1.09861228866811,0
41,40,4.46590811865458,0,1.6094379124341
42,40,4.62497281328427,0,0
43,40,4.15888308335967,0,0
44,40,4.44265125649032,1.38629436111989,0
45,40,4.55387689160054,0,0
46,40,4.29045944114839,2.19722457733622,1.09861228866811
47,40,3.85014760171006,2.70805020110221,1.38629436111989
48,40,4.11087386417331,1.79175946922805,0
49,40,4.38202663467388,1.38629436111989,0.693147180559945
50,40,4.44265125649032,0,0
51,40,4.81218435537242,1.09861228866811,1.09861228866811
52,40,4.54329478227,1.09861228866811,0
53,40,5.23110861685459,0.693147180559945,0
54,40,4.89034912822175,0.693147180559945,0
55,40,5.13579843705026,0.693147180559945,1.09861228866811
56,40,5.04342511691925,0.693147180559945,0
57,40,5.24174701505964,0,0
58,40,5.11799381241676,0,0
59,40,4.7361984483945,0,0
60,40,0,0,0
61,40,0,0,0
62,40,4.81218435537242,1.6094379124341,0
63,40,0,0,0
0,41,5.14166355650266,0,2.484906649788
1,41,5.48063892334199,0,1.09861228866811
2,41,5.60947179518496,0.693147180559945,0
3,41,5.4380793089232,1.09861228866811,0.693147180559945
4,41,5.12396397940326,0,1.09861228866811
5,41,5.63478960316925,0,0.693147180559945
6,41,5.4971682252932,0.693147180559945,0
7,41,5.45958551414416,0.693147180559945,0
8,41,5.21493575760899,1.38629436111989,0
9,41,4.88280192258637,0,0
10,41,4.82028156560504,0,0.693147180559945
11,41,4.99721227376411,0.693147180559945,0
12,41,5.08759633523238,0,0
13,41,4.53259949315326,0,0
14,41,4.69134788222914,1.79175946922805,0.693147180559945
15,41,4.75359019110636,0.693147180559945,0
16,41,4.48863636973214,0,0.693147180559945
17,41,4.15888308335967,0,0
18,41,4.48863636973214,0,0.693147180559945
19,41,4.26267987704132,0.693147180559945,0
20,41,4.30406509320417,0,0
21,41,4.62497281328427,0,0.693147180559945
22,41,4.27666611901606,0.693147180559945,1.09861228866811
23,41,4.44265125649032,0,0.693147180559945
24,41,4.21950770517611,0,0
25,41,4.45434729625351,0.693147180559945,1.6094379124341
26,41,4.14313472639153,0,0.693147180559945
27,41,4.23410650459726,0,0
28,41,4.24849524204936,1.6094379124341,1.09861228866811
29,41,4.46590811865458,1.09861228866811,1.38629436111989
30,41,4.31748811353631,0,0
31,41,5.04985600724954,0.693147180559945,0
32,41,4.56434819146784,0.693147180559945,0
33,41,4.11087386417331,0,0
34,41,4.69134788222914,1.09861228866811,1.6094379124341
35,41,4.96284463025991,0,1.09861228866811
36,41,4.18965474202643,0,0
37,41,4.20469261939097,0,1.38629436111989
38,41,4.35670882668959,1.09861228866811,2.56494935746154
39,41,4.8283137373023,1.09861228866811,0
40,41,4.24849524204936,1.38629436111989,1.38629436111989
41,41,4.96284463025991,1.09861228866811,0
42,41,4.67282883446191,0,1.09861228866811
43,41,4.65396035015752,1.09861228866811,1.09861228866811
44,41,4.77912349311153,0,0.693147180559945
45,41,4.49980967033027,1.09861228866811,0
46,41,4.11087386417331,0,0
47,41,4.55387689160054,0,1.09861228866811
48,41,4.46590811865458,0,0
49,41,3.97029191355212,0,1.09861228866811
50,41,4.34380542185368,0,0
51,41,4.56434819146784,1.09861228866811,0
52,41,5.02388052084628,0,0
53,41,4.68213122712422,0,0
54,41,4.74493212836325,0.693147180559945,0
55,41,4.8283137373023,1.09861228866811,0
56,41,4.69134788222914,1.09861228866811,0
57,41,5.32787616878958,0.693147180559945,0
58,41,4.97673374242057,0.693147180559945,0
59,41,4.97673374242057,0,0
60,41,5.11198778835654,0.693147180559945,0
61,41,0,0,0
62,41,0,0,0
63,41,0,0,0
0,42,5.29330482472449,0,2.19722457733622
1,42,5.43372200355424,0,0
2,42,5.52942908751142,0,0
3,42,5.11198778835654,0.693147180559945,0
4,42,5.55295958492162,0,0
5,42,5.71373280550937,1.6094379124341,0
6,42,5.47646355193151,0.693147180559945,1.09861228866811
7,42,5.40717177146012,0.693147180559945,0.693147180559945
8,42,4.88280192258637,1.09861228866811,0
9,42,5.22035582507833,0,0
10,42,5.17048399503815,0,0
11,42,3.80666248977032,0,0
12,42,5.10594547390058,1.09861228866811,0
13,42,5.02388052084628,0,0.693147180559945
14,42,4.57471097850338,0,0
15,42,4.77068462446567,0.693147180559945,0
16,42,4.48863636973214,0.693147180559945,0.693147180559945
17,42,4.31748811353631,0.693147180559945,0
18,42,4.29045944114839,0,0
19,42,4.44265125649032,0,0.693147180559945
20,42,3.91202300542815,1.79175946922805,0
21,42,4.7361984483945,0.693147180559945,0
22,42,4.54329478227,0.693147180559945,0
23,42,4.20469261939097,0.693147180559945,0
24,42,4.23410650459726,0,0
25,42,4.31748811353631,0,1.38629436111989
26,42,4.60517018598809,0.693147180559945,0.693147180559945
27,42,4.07753744390572,1.79175946922805,0
28,42,4.23410650459726,0,1.6094379124341
29,42,4.26267987704132,0,1.09861228866811
30,42,4.75359019110636,0,1.6094379124341
31,42,5.11198778835654,0,1.09861228866811
32,42,4.88280192258637,0,1.09861228866811
33,42,4.45434729625351,0,0.693147180559945
34,42,4.36944785246702,1.09861228866811,1.09861228866811
35,42,4.33073334028633,0,1.09861228866811
36,42,4.64439089914137,0,0
37,42,4.27666611901606,1.38629436111989,0
38,42,3.58351893845611,0,0
39,42,4.60517018598809,0,0
40,42,4.58496747867057,0,1.09861228866811
41,42,4.65396035015752,1.38629436111989,0
42,42,4.39444915467244,0.693147180559945,0
43,42,3.29583686600433,0,2.83321334405622
44,42,4.44265125649032,1.09861228866811,0.693147180559945
45,42,4.30406509320417,0,0
46,42,4.79579054559674,1.38629436111989,0
47,42,4.20469261939097,0,0.693147180559945
48,42,4.14313472639153,1.38629436111989,0
49,42,4.59511985013459,0,0.693147180559945
50,42,4.64439089914137,1.09861228866811,0
51,42,4.95582705760126,0,0
52,42,4.60517018598809,1.09861228866811,0
53,42,4.84418708645859,0,0
54,42,4.83628190695148,1.09861228866811,0
55,42,4.60517018598809,0,0
56,42,4.83628190695148,0,0
57,42,5.15905529921453,0,0
58,42,5.02388052084628,0,0
59,42,5.09375020080676,0,0
60,42,4.65396035015752,0.693147180559945,0
61,42,4.0943445622221,2.83321334405622,0
62,42,0,0,0
63,42,0,0,0
0,43,4.75359019110636,0,0.693147180559945
1,43,5.44241771052179,0.693147180559945,0.693147180559945
2,43,5.40717177146012,0,0
3,43,5.46383180502561,0.693147180559945,0
4,43,5.89989735358249,1.09861228866811,0
5,43,5.34233425196481,0.693147180559945,0
6,43,5.71702770140622,0.693147180559945,0
7,43,5.3890717298165,0,0
8,43,5.4249500174814,0.693147180559945,0
9,43,5.28826703069454,0.693147180559945,0
10,43,5.15329159449778,0,0
11,43,5.74939298590825,1.09861228866811,0
12,43,4.43081679884331,1.09861228866811,0.693147180559945
13,43,4.8283137373023,0,0
14,43,5.0998664278242,0.693147180559945,0
15,43,4.76217393479776,0,0.693147180559945
16,43,4.60517018598809,1.09861228866811,0
17,43,5.26269018890489,0,0
18,43,4.88280192258637,0,0.693147180559945
19,43,4.84418708645859,1.09861228866811,0
20,43,4.72738781871234,0.693147180559945,1.09861228866811
21,43,4.9416424226093,1.09861228866811,0.693147180559945
22,43,4.57471097850338,0.693147180559945,0
23,43,4.49980967033027,0,0
24,43,4.26267987704132,1.6094379124341,0
25,43,4.56434819146784,1.38629436111989,1.38629436111989
26,43,4.23410650459726,0,0
27,43,4.48863636973214,0.693147180559945,0
28,43,3.93182563272433,0,0
29,43,4.0943445622221,0,0
30,43,4.44265125649032,0,0.693147180559945
31,43,4.45434729625351,0.693147180559945,0
32,43,4.56434819146784,0,0
33,43,4.59511985013459,0,0
34,43,4.70048036579242,0,1.09861228866811
35,43,4.30406509320417,0,0
36,43,4.76217393479776,1.79175946922805,0.693147180559945
37,43,4.52178857704904,1.09861228866811,0
38,43,4.15888308335967,0,1.09861228866811
39,43,4.85981240436167,0,1.09861228866811
40,43,4.969813299576,0,1.09861228866811
41,43,4.36944785246702,1.38629436111989,1.09861228866811
42,43,4.20469261939097,0,0.693147180559945
43,43,4.90527477843843,0,1.6094379124341
44,43,4.94875989037817,0.693147180559945,1.6094379124341
45,43,4.85203026391962,0.693147180559945,0
46,43,4.34380542185368,1.09861228866811,1.38629436111989
47,43,4.76217393479776,0,0
48,43,4.20469261939097,0,0.693147180559945
49,43,4.20469261939097,1.09861228866811,0.693147180559945
50,43,4.49980967033027,1.38629436111989,0
51,43,4.74493212836325,0,0
52,43,5.22035582507833,0,1.09861228866811
53,43,4.64439089914137,0,0
54,43,5.02388052084628,0.693147180559945,0.693147180559945
55,43,4.98360662170834,0,0
56,43,4.99721227376411,0,0
57,43,4.48863636973214,0,0.693147180559945
58,43,5.35185813347607,0.693147180559945,0
59,43,0,0,0
60,43,0,0,0
61,43,0,0,0
62,43,0,0,0
63,43,0,0,0
0,44,4.58496747867057,0,1.38629436111989
1,44,5.47227067367148,0,0.693147180559945
2,44,5.31811999384422,0.693147180559945,0
3,44,5.19849703126583,0,0.693147180559945
4,44,5.77144112313002,0,0
5,44,5.61677109766657,0.693147180559945,0
6,44,5.65248918026865,1.38629436111989,0
7,44,5.56068163101553,0.693147180559945,0
8,44,5.29330482472449,0,0
9,44,5.18178355029209,0.693147180559945,0
10,44,5.51745289646471,0,0
11,44,5.63835466933375,0,0
12,44,5.37063802812766,0,0
13,44,4.97673374242057,0,0
14,44,5.05624580534831,0.693147180559945,0.693147180559945
15,44,5.31320597904179,0.693147180559945,0
16,44,5.14166355650266,0,0
17,44,4.61512051684126,0,0.693147180559945
18,44,5.10594547390058,0.693147180559945,0
19,44,5.03695260241363,1.38629436111989,0
20,44,5.06259503302697,0,0
21,44,4.31748811353631,2.39789527279837,0
22,44,4.56434819146784,0,0.693147180559945
23,44,4.43081679884331,0,0.693147180559945
24,44,4.52178857704904,0,0.693147180559945
25,44,3.95124371858143,1.38629436111989,0
26,44,4.23410650459726,1.38629436111989,0
27,44,4.47733681447821,0,0
28,44,4.31748811353631,0,0.693147180559945
29,44,4.11087386417331,0,0
30,44,4.11087386417331,0,0
31,44,4.33073334028633,0,1.09861228866811
32,44,4.56434819146784,0,0
33,44,4.48863636973214,0.693147180559945,0
34,44,3.97029191355212,1.38629436111989,0
35,44,4.36944785246702,1.09861228866811,0.693147180559945
36,44,4.23410650459726,0,1.09861228866811
37,44,4.02535169073515,1.09861228866811,1.09861228866811
38,44,2.99573227355399,1.79175946922805,1.09861228866811
39,44,3.46573590279973,0,0
40,44,4.58496747867057,0,0.693147180559945
41,44,4.47733681447821,0,0
42,44,4.39444915467244,0,0
43,44,4.60517018598809,1.09861228866811,0
44,44,4.48863636973214,0,1.94591014905531
45,44,4.69134788222914,0,0
46,44,5.0998664278242,0,0.693147180559945
47,44,4.51085950651685,1.09861228866811,0.693147180559945
48,44,4.36944785246702,0,0.693147180559945
49,44,4.55387689160054,0,1.09861228866811
50,44,4.29045944114839,0,1.09861228866811
51,44,4.33073334028633,0,0
52,44,4.79579054559674,0,0.693147180559945
53,44,4.91998092582813,0.693147180559945,0
54,44,4.9416424226093,0.693147180559945,0.693147180559945
55,44,5.40717177146012,0,0.693147180559945
56,44,5.41610040220442,0,0.693147180559945
57,44,4.77912349311153,0.693147180559945,0
58,44,5.03043792139244,0,0
59,44,0,0,0
60,44,0,0,0
61,44,0,0,0
62,44,0,0,0
63,44,4.33073334028633,0,0.693147180559945
0,45,4.85981240436167,1.09861228866811,0.693147180559945
1,45,5.05624580534831,1.09861228866811,1.6094379124341
2,45,4.69134788222914,0.693147180559945,1.09861228866811
3,45,4.45434729625351,0,1.09861228866811
4,45,0,0,0
5,45,5.36597601502185,1.09861228866811,0
6,45,5.97635090929793,0,0.693147180559945
7,45,5.47646355193151,0.693147180559945,0
8,45,5.25749537202778,0,0
9,45,5.62040086571715,0,0
10,45,5.23110861685459,0.693147180559945,0
11,45,5.43372200355424,1.09861228866811,0
12,45,5.55682806169954,0,0.693147180559945
13,45,4.9416424226093,0.693147180559945,0
14,45,5.77144112313002,0,0.693147180559945
15,45,4.93447393313069,1.09861228866811,0.693147180559945
16,45,5.10594547390058,0,0.693147180559945
17,45,4.72738781871234,0.693147180559945,0
18,45,4.98360662170834,0,0
19,45,4.81218435537242,0,0
20,45,4.91265488573605,1.09861228866811,0
21,45,4.59511985013459,0.693147180559945,0
22,45,4.77912349311153,0.693147180559945,1.09861228866811
23,45,4.46590811865458,0.693147180559945,0.693147180559945
24,45,4.14313472639153,0,1.09861228866811
25,45,4.44265125649032,0,0
26,45,4.34380542185368,1.6094379124341,0
27,45,4.43081679884331,1.38629436111989,0
28,45,4.35670882668959,0.693147180559945,1.38629436111989
29,45,4.39444915467244,0,0
30,45,3.89182029811063,0,0
31,45,4.84418708645859,0.693147180559945,0.693147180559945
32,45,4.55387689160054,1.09861228866811,0
33,45,3.91202300542815,1.79175946922805,0.693147180559945
34,45,4.75359019110636,0.693147180559945,0
35,45,4.34380542185368,0.693147180559945,0
36,45,4.18965474202643,0,0
37,45,4.62497281328427,0.693147180559945,0
38,45,4.7361984483945,0.693147180559945,0.693147180559945
39,45,4.40671924726425,1.09861228866811,0
40,45,4.12713438504509,0,1.09861228866811
41,45,4.47733681447821,0,0
42,45,4.59511985013459,1.09861228866811,0
43,45,4.55387689160054,1.38629436111989,0
44,45,4.65396035015752,0,0.693147180559945
45,45,4.66343909411207,1.09861228866811,0
46,45,4.8283137373023,1.09861228866811,1.09861228866811
47,45,4.77912349311153,1.38629436111989,1.09861228866811
48,45,4.65396035015752,0,0
49,45,4.89034912822175,0.693147180559945,0
50,45,5.24702407216049,0,0
51,45,4.57471097850338,0,0
52,45,5.00394630594546,0,0
53,45,4.91998092582813,0.693147180559945,0
54,45,4.94875989037817,1.09861228866811,0
55,45,4.96284463025991,0.693147180559945,1.09861228866811
56,45,5.00394630594546,0,0
57,45,0,0,0
58,45,0,0,0
59,45,0,0,0
60,45,0,0,0
61,45,3.71357206670431,0,0.693147180559945
62,45,3.97029191355212,0,0.693147180559945
63,45,3.49650756146648,0.693147180559945,0.693147180559945
0,46,0,0,0
1,46,0,0,0
2,46,5.27811465923052,0,1.09861228866811
3,46,4.77068462446567,1.38629436111989,1.38629436111989
4,46,5.19849703126583,0,0.693147180559945
5,46,4.85981240436167,0,0
6,46,0,0,0
7,46,5.10594547390058,0,0
8,46,5.63835466933375,0.693147180559945,0
9,46,5.6937321388027,1.09861228866811,0
10,46,5.34233425196481,0.693147180559945,0
11,46,5.56452040732269,0.693147180559945,0
12,46,5.68357976733868,0,0
13,46,5.46806014113513,0,0.693147180559945
14,46,5.36597601502185,1.38629436111989,0
15,46,5.36129216570943,1.09861228866811,0
16,46,4.92725368515721,1.38629436111989,0
17,46,5.19295685089021,0,0
18,46,5.09375020080676,1.09861228866811,0.693147180559945
19,46,5.0998664278242,0.693147180559945,0
20,46,5.13579843705026,0,0
21,46,4.62497281328427,0,0
22,46,5.04342511691925,0.693147180559945,0.693147180559945
23,46,4.31748811353631,0,1.09861228866811
24,46,4.61512051684126,0,0
25,46,4.40671924726425,0,1.09861228866811
26,46,4.34380542185368,0,0
27,46,4.26267987704132,0.693147180559945,0
28,46,4.06044301054642,0.693147180559945,1.38629436111989
29,46,4.55387689160054,0,0
30,46,4.82028156560504,0.693147180559945,0
31,46,4.15888308335967,0.693147180559945,0
32,46,4.969813299576,0,0
33,46,3.09104245335832,0.693147180559945,0
34,46,4.54329478227,0,0
35,46,4.91265488573605,0,0
36,46,4.4188406077966,1.09861228866811,0
37,46,5.01063529409626,0,0
38,46,5.01063529409626,0.693147180559945,0
39,46,4.24849524204936,0,0
40,46,4.83628190695148,1.09861228866811,0.693147180559945
41,46,4.4188406077966,0,0
42,46,4.77912349311153,1.09861228866811,0.693147180559945
43,46,5.14166355650266,1.38629436111989,0
44,46,5.08759633523238,1.6094379124341,0.693147180559945
45,46,4.64439089914137,0,0
46,46,4.71849887129509,0,0
47,46,4.92725368515721,0,0
48,46,4.75359019110636,0,1.09861228866811
49,46,4.93447393313069,0,0.693147180559945
50,46,4.68213122712422,0,0
51,46,4.86753445045558,0.693147180559945,0
52,46,5.0998664278242,0,0
53,46,4.78749174278205,0.693147180559945,0.693147180559945
54,46,5.05624580534831,0,0
55,46,0,0,0
56,46,0,0,0
57,46,0,0,0
58,46,0,0,0
59,46,0,0,0
60,46,4.02535169073515,0,0.693147180559945
61,46,0,0,0
62,46,0,0,0
63,46,0,0,0
0,47,0,0,0
1,47,0,0,0
2,47,3.58351893845611,0,3.2188758248682
3,47,0,0,0
4,47,4.969813299576,0,1.09861228866811
5,47,4.77912349311153,1.09861228866811,0.693147180559945
6,47,4.93447393313069,0,0
7,47,4.74493212836325,1.38629436111989,0.693147180559945
8,47,0,0,0
9,47,5.12396397940326,0,0
10,47,4.969813299576,1.79175946922805,0
11,47,5.59842195899838,0,0
12,47,0,0,0
13,47,0,0,0
14,47,4.99043258677874,0,0
15,47,5.27811465923052,0.693147180559945,0.693147180559945
16,47,3.63758615972639,2.30258509299405,0
17,47,4.30406509320417,3.55534806148941,0
18,47,5.37989735354046,0.693147180559945,0
19,47,4.45434729625351,0,0
20,47,4.87519732320115,0.693147180559945,0.693147180559945
21,47,4.83628190695148,0,1.09861228866811
22,47,4.34380542185368,2.07944154167984,1.09861228866811
23,47,4.64439089914137,0,0
24,47,4.47733681447821,0,0
25,47,4.35670882668959,1.09861228866811,0.693147180559945
26,47,4.26267987704132,0.693147180559945,0
27,47,3.85014760171006,1.38629436111989,1.09861228866811
28,47,4.71849887129509,0.693147180559945,0
29,47,3.46573590279973,3.63758615972639,0.693147180559945
30,47,3.29583686600433,1.38629436111989,0
31,47,4.23410650459726,0.693147180559945,0
32,47,4.31748811353631,0,0.693147180559945
33,47,4.24849524204936,0,0
34,47,4.14313472639153,0,0
35,47,3.89182029811063,1.94591014905531,0.693147180559945
36,47,4.80402104473326,1.38629436111989,0
37,47,5.14749447681345,0.693147180559945,0
38,47,4.29045944114839,0,0
39,47,5.01727983681492,0,0.693147180559945
40,47,4.70048036579242,0.693147180559945,0
41,47,4.59511985013459,0,0.693147180559945
42,47,4.26267987704132,0,1.09861228866811
43,47,5.01727983681492,0.693147180559945,0
44,47,4.4188406077966,0,0.693147180559945
45,47,5.28826703069454,1.94591014905531,0
46,47,5.27811465923052,0,0
47,47,5.08140436498446,0,0
48,47,5.19849703126583,0,0.693147180559945
49,47,5.47646355193151,1.6094379124341,0
50,47,5.24702407216049,0,0
51,47,4.58496747867057,1.38629436111989,0.693147180559945
52,47,4.72738781871234,0.693147180559945,0
53,47,4.61512051684126,1.09861228866811,0
54,47,4.95582705760126,0,0
55,47,3.49650756146648,0,0.693147180559945
56,47,0,0,0
57,47,0,0,0
58,47,0,0,0
59,47,0,0,0
60,47,4.20469261939097,1.09861228866811,1.38629436111989
61,47,0,0,0
62,47,0,0,0
63,47,0,0,0
0,48,0,0,0
1,48,0,0,0
2,48,0,0,0
3,48,0,0,0
4,48,0,0,0
5,48,0,0,0
6,48,0,0,0
7,48,0,0,0
8,48,0,0,0
9,48,0,0,0
10,48,0,0,0
11,48,0,0,0
12,48,5.90263333340137,0.693147180559945,0
13,48,5.45958551414416,0,0
14,48,5.48063892334199,0,0
15,48,5.27299955856375,0.693147180559945,0
16,48,4.4188406077966,2.30258509299405,0
17,48,5.48063892334199,1.09861228866811,0
18,48,5.00394630594546,1.09861228866811,0
19,48,4.89783979995091,1.09861228866811,0
20,48,4.7361984483945,0,0
21,48,4.7361984483945,0,0
22,48,5.37063802812766,1.09861228866811,0
23,48,4.57471097850338,0,0
24,48,4.49980967033027,0,0
25,48,4.06044301054642,1.09861228866811,1.09861228866811
26,48,4.77068462446567,1.09861228866811,0
27,48,4.70953020131233,0.693147180559945,0
28,48,4.46590811865458,1.09861228866811,0.693147180559945
29,48,4.54329478227,1.09861228866811,0
30,48,2.484906649788,4.18965474202643,0
31,48,4.35670882668959,0.693147180559945,0
32,48,3.87120101090789,0,0
33,48,4.11087386417331,0,0.693147180559945
34,48,3.87120101090789,1.09861228866811,0
35,48,4.58496747867057,1.09861228866811,1.6094379124341
36,48,4.58496747867057,0,0
37,48,4.84418708645859,0.693147180559945,0.693147180559945
38,48,4.77068462446567,0,0
39,48,4.91265488573605,0,0
40,48,4.54329478227,0,1.38629436111989
41,48,4.85981240436167,0,0
42,48,4.7361984483945,0,0
43,48,5.04985600724954,0.693147180559945,1.09861228866811
44,48,5.27299955856375,0,0.693147180559945
45,48,4.9416424226093,0.693147180559945,0.693147180559945
46,48,4.99721227376411,1.38629436111989,0.693147180559945
47,48,5.57972982598622,1.09861228866811,0.693147180559945
48,48,5.76832099579377,0.693147180559945,1.09861228866811
49,48,4.44265125649032,0,0
50,48,5.05624580534831,1.38629436111989,0
51,48,5.28826703069454,0.693147180559945,0
52,48,4.969813299576,0,0.693147180559945
53,48,5.16478597392351,1.09861228866811,0
54,48,4.4188406077966,1.6094379124341,1.6094379124341
55,48,4.21950770517611,1.09861228866811,1.38629436111989
56,48,3.73766961828337,0,0
57,48,3.29583686600433,0,1.38629436111989
58,48,0,0,0
59,48,0,0,0
60,48,0,0,0
61,48,0,0,0
62,48,0,0,0
63,48,0,0,0
0,49,0,0,0
1,49,0,0,0
2,49,0,0,0
3,49,0,0,0
4,49,0,0,0
5,49,0,0,0
6,49,0,0,0
7,49,0,0,0
8,49,0,0,0
9,49,0,0,0
10,49,0,0,0
11,49,0,0,0
12,49,0,0,0
13,49,0,0,0
14,49,5.32787616878958,0.693147180559945,0.693147180559945
15,49,5.64544689764324,0,0
16,49,5.37989735354046,0.693147180559945,0
17,49,5.04342511691925,0,0
18,49,5.01063529409626,0.693147180559945,0
19,49,0,0,0
20,49,4.7361984483945,1.09861228866811,1.09861228866811
21,49,4.77068462446567,0.693147180559945,0.693147180559945
22,49,4.56434819146784,1.09861228866811,0
23,49,0,0,0
24,49,4.31748811353631,1.6094379124341,0
25,49,4.8283137373023,0,0.693147180559945
26,49,4.40671924726425,0.693147180559945,0
27,49,4.63472898822964,1.09861228866811,1.79175946922805
28,49,4.70953020131233,0,0
29,49,5.07517381523383,0,0
30,49,4.33073334028633,1.38629436111989,0
31,49,4.8283137373023,0,0
32,49,4.67282883446191,0,0
33,49,4.55387689160054,1.38629436111989,0
34,49,4.12713438504509,1.38629436111989,1.09861228866811
35,49,5.30330490805908,0,0
36,49,4.70953020131233,0.693147180559945,0
37,49,5.17048399503815,1.09861228866811,1.09861228866811
38,49,4.96284463025991,0.693147180559945,0
39,49,5.14749447681345,1.09861228866811,0
40,49,4.76217393479776,0,0
41,49,4.72738781871234,1.38629436111989,0
42,49,4.93447393313069,0.693147180559945,0
43,49,5.49306144334055,1.09861228866811,0.693147180559945
44,49,5.34233425196481,0,0
45,49,4.46590811865458,0,0.693147180559945
46,49,5.31811999384422,0,0
47,49,5.41164605185504,0.693147180559945,1.09861228866811
48,49,5.54126354515843,1.38629436111989,0
49,49,5.08140436498446,0,1.09861228866811
50,49,5.2257466737132,0,0.693147180559945
51,49,5.22035582507833,1.38629436111989,1.09861228866811
52,49,4.85203026391962,0,1.09861228866811
53,49,3.36729582998647,0,0
54,49,4.88280192258637,1.09861228866811,0.693147180559945
55,49,4.04305126783455,1.09861228866811,1.09861228866811
56,49,3.71357206670431,1.09861228866811,0
57,49,3.13549421592915,0.693147180559945,1.38629436111989
58,49,0,0,0
59,49,0,0,0
60,49,0,0,0
61,49,0,0,0
62,49,0,0,0
63,49,0,0,0
0,50,0,0,0
1,50,0,0,0
2,50,0,0,0
3,50,0,0,0
4,50,0,0,0
5,50,0,0,0
6,50,0,0,0
7,50,0,0,0
8,50,0,0,0
9,50,0,0,0
10,50,0,0,0
11,50,0,0,0
12,50,0,0,0
13,50,0,0,0
14,50,0,0,0
15,50,0,0,0
16,50,5.15905529921453,1.09861228866811,0
17,50,5.05624580534831,0,0
18,50,5.17048399503815,0,0.693147180559945
19,50,5.14749447681345,0.693147180559945,0.693147180559945
20,50,4.91265488573605,0,0
21,50,4.9416424226093,0.693147180559945,0.693147180559945
22,50,4.46590811865458,0.693147180559945,0.693147180559945
23,50,4.29045944114839,0,0
24,50,5.59471137960184,1.09861228866811,0
25,50,0,0,0
26,50,4.80402104473326,1.38629436111989,0.693147180559945
27,50,4.18965474202643,0,2.99573227355399
28,50,5.0998664278242,1.09861228866811,2.19722457733622
29,50,4.84418708645859,0,0
30,50,4.68213122712422,1.94591014905531,0
31,50,4.49980967033027,0,0.693147180559945
32,50,4.77912349311153,0,1.38629436111989
33,50,4.64439089914137,0,0.693147180559945
34,50,4.81218435537242,0.693147180559945,0
35,50,4.59511985013459,0,0.693147180559945
36,50,4.84418708645859,0,0
37,50,4.70048036579242,1.38629436111989,0
38,50,5.09375020080676,0,2.89037175789616
39,50,5.10594547390058,0,0
40,50,4.77068462446567,0.693147180559945,0.693147180559945
41,50,4.9416424226093,0.693147180559945,0
42,50,5.14166355650266,0.693147180559945,0
43,50,4.9416424226093,0,0
44,50,5.10594547390058,0.693147180559945,0
45,50,4.91998092582813,1.09861228866811,0.693147180559945
46,50,4.97673374242057,0,1.09861228866811
47,50,4.8283137373023,0,0
48,50,5.29831736654804,0,0.693147180559945
49,50,4.77068462446567,0,1.38629436111989
50,50,5.42053499927229,0,1.09861228866811
51,50,4.91265488573605,0,0.693147180559945
52,50,5.2040066870768,0,1.09861228866811
53,50,2.99573227355399,0,0
54,50,3.04452243772342,1.09861228866811,0
55,50,0,0,0
56,50,3.49650756146648,0,0.693147180559945
57,50,0,0,0
58,50,0,0,0
59,50,0,0,0
60,50,0,0,0
61,50,0,0,0
62,50,0,0,0
63,50,0,0,0
0,51,0,0,0
1,51,0,0,0
2,51,0,0,0
3,51,0,0,0
4,51,0,0,0
5,51,0,0,0
6,51,0,0,0
7,51,0,0,0
8,51,0,0,0
9,51,0,0,0
10,51,0,0,0
11,51,0,0,0
12,51,0,0,0
13,51,0,0,0
14,51,0,0,0
15,51,0,0,0
16,51,0,0,0
17,51,0,0,0
18,51,5.29330482472449,0,0
19,51,4.46590811865458,0,1.38629436111989
20,51,4.55387689160054,0.693147180559945,2.70805020110221
21,51,5.31320597904179,0,1.09861228866811
22,51,4.92725368515721,0,0
23,51,5.29831736654804,0,0
24,51,0,0,0
25,51,4.66343909411207,0.693147180559945,0
26,51,4.89783979995091,0,0
27,51,5.0998664278242,0.693147180559945,1.09861228866811
28,51,4.89034912822175,0,1.38629436111989
29,51,4.27666611901606,1.38629436111989,0
30,51,3.97029191355212,0.693147180559945,0
31,51,5.32300997913841,1.09861228866811,0
32,51,5.05624580534831,1.09861228866811,0
33,51,4.85203026391962,0.693147180559945,0
34,51,5.4553211153577,0,0.693147180559945
35,51,5.11799381241676,0.693147180559945,0
36,51,4.62497281328427,0,0
37,51,4.80402104473326,1.38629436111989,0
38,51,5.20948615284142,0,0.693147180559945
39,51,4.54329478227,1.09861228866811,0.693147180559945
40,51,5.39362754635236,1.38629436111989,0
41,51,4.75359019110636,0,0
42,51,4.83628190695148,1.09861228866811,0
43,51,5.46806014113513,0,0.693147180559945
44,51,5.08759633523238,0,0
45,51,4.85981240436167,1.09861228866811,0
46,51,3.97029191355212,0,0
47,51,4.04305126783455,0,0
48,51,4.21950770517611,0,0
49,51,2.94443897916644,0.693147180559945,1.09861228866811
50,51,4.11087386417331,0,1.6094379124341
51,51,3.68887945411394,0,1.09861228866811
52,51,3.49650756146648,0,1.09861228866811
53,51,3.87120101090789,0.693147180559945,1.38629436111989
54,51,3.68887945411394,0.693147180559945,0.693147180559945
55,51,4.07753744390572,0.693147180559945,1.38629436111989
56,51,0,0,0
57,51,0,0,0
58,51,0,0,0
59,51,4.27666611901606,0.693147180559945,0.693147180559945
60,51,0,0,0
61,51,0,0,0
62,51,0,0,0
63,51,0,0,0
0,52,0,0,0
1,52,0,0,0
2,52,0,0,0
3,52,0,0,0
4,52,0,0,0
5,52,0,0,0
6,52,0,0,0
7,52,0,0,0
8,52,0,0,0
9,52,0,0,0
10,52,0,0,0
11,52,0,0,0
12,52,0,0,0
13,52,0,0,0
14,52,0,0,0
15,52,0,0,0
16,52,0,0,0
17,52,0,0,0
18,52,0,0,0
19,52,0,0,0
20,52,4.77068462446567,0,2.30258509299405
21,52,0,0,0
22,52,4.74493212836325,0,0.693147180559945
23,52,0,0,0
24,52,4.4188406077966,0,0.693147180559945
25,52,5.11198778835654,0,0
26,52,4.20469261939097,1.38629436111989,0
27,52,4.84418708645859,0.693147180559945,0.693147180559945
28,52,4.77912349311153,0,0.693147180559945
29,52,5.18178355029209,0,0.693147180559945
30,52,5.09375020080676,0,0
31,52,5.00394630594546,0,0
32,52,4.94875989037817,0.693147180559945,0
33,52,5.2040066870768,0.693147180559945,0
34,52,5.00394630594546,1.38629436111989,0
35,52,5.05624580534831,0.693147180559945,0.693147180559945
36,52,5.16478597392351,0,0
37,52,5.06890420222023,1.09861228866811,0
38,52,5.41164605185504,0.693147180559945,0.693147180559945
39,52,4.9416424226093,0,0.693147180559945
40,52,4.57471097850338,0,0
41,52,5.02388052084628,0.693147180559945,0
42,52,4.969813299576,0,0
43,52,4.63472898822964,0,0
44,52,5.06259503302697,0,0
45,52,4.33073334028633,0,0
46,52,4.26267987704132,0.693147180559945,0
47,52,4.26267987704132,0,0.693147180559945
48,52,3.89182029811063,2.19722457733622,0
49,52,0,0,0
50,52,3.09104245335832,1.38629436111989,1.38629436111989
51,52,0,0,0
52,52,0,0,0
53,52,3.78418963391826,0,0.693147180559945
54,52,0,0,0
55,52,0,0,0
56,52,0,0,0
57,52,0,0,0
58,52,0,0,0
59,52,0,0,0
60,52,0,0,0
61,52,0,0,0
62,52,0,0,0
63,52,0,0,0
0,53,0,0,0
1,53,0,0,0
2,53,0,0,0
3,53,0,0,0
4,53,0,0,0
5,53,0,0,0
6,53,0,0,0
7,53,0,0,0
8,53,0,0,0
9,53,0,0,0
10,53,0,0,0
11,53,0,0,0
12,53,0,0,0
13,53,0,0,0
14,53,0,0,0
15,53,0,0,0
16,53,0,0,0
17,53,0,0,0
18,53,0,0,0
19,53,0,0,0
20,53,0,0,0
21,53,0,0,0
22,53,0,0,0
23,53,0,0,0
24,53,0,0,0
25,53,0,0,0
26,53,6.04025471127741,0,0
27,53,4.26267987704132,1.09861228866811,0
28,53,0,0,0
29,53,5.59842195899838,0.693147180559945,0
30,53,5.14166355650266,1.09861228866811,0
31,53,4.97673374242057,0,0.693147180559945
32,53,5.42053499927229,0.693147180559945,0
33,53,5.02388052084628,0,0
34,53,5.18738580584075,0,0
35,53,5.26785815906333,1.38629436111989,0
36,53,4.74493212836325,0,0
37,53,4.52178857704904,2.07944154167984,0
38,53,4.94875989037817,0.693147180559945,0
39,53,5.54517744447956,0.693147180559945,0
40,53,5.05624580534831,0,0
41,53,0,0,0
42,53,4.77912349311153,0,0
43,53,3.91202300542815,0,1.09861228866811
44,53,4.91998092582813,0,0
45,53,4.43081679884331,1.38629436111989,1.38629436111989
46,53,3.3322045101752,0,1.6094379124341
47,53,3.66356164612965,0,0
48,53,3.71357206670431,0.693147180559945,0
49,53,0,0,0
50,53,0,0,0
51,53,0,0,0
52,53,0,0,0
53,53,0,0,0
54,53,3.8286413964891,0.693147180559945,1.94591014905531
55,53,0,0,0
56,53,3.55534806148941,0.693147180559945,2.484906649788
57,53,0,0,0
58,53,0,0,0
59,53,0,0,0
60,53,0,0,0
61,53,0,0,0
62,53,0,0,0
63,53,0,0,0
0,54,0,0,0
1,54,0,0,0
2,54,0,0,0
3,54,0,0,0
4,54,0,0,0
5,54,0,0,0
6,54,0,0,0
7,54,0,0,0
8,54,0,0,0
9,54,0,0,0
10,54,0,0,0
11,54,0,0,0
12,54,0,0,0
13,54,0,0,0
14,54,0,0,0
15,54,0,0,0
16,54,0,0,0
17,54,0,0,0
18,54,0,0,0
19,54,0,0,0
20,54,0,0,0
21,54,0,0,0
22,54,0,0,0
23,54,0,0,0
24,54,0,0,0
25,54,0,0,0
26,54,0,0,0
27,54,0,0,0
28,54,0,0,0
29,54,0,0,0
30,54,5.27299955856375,0,1.38629436111989
31,54,5.17614973257383,0.693147180559945,0
32,54,5.07517381523383,0,0.693147180559945
33,54,5.20948615284142,0.693147180559945,0
34,54,5.47227067367148,0,0
35,54,5.21493575760899,0,1.09861228866811
36,54,5.04985600724954,0,0
37,54,4.63472898822964,0,0
38,54,5.15905529921453,0,0
39,54,5.37063802812766,1.09861228866811,0.693147180559945
40,54,4.99043258677874,0,0
41,54,3.95124371858143,0.693147180559945,0
42,54,0,0,0
43,54,0,0,0
44,54,3.73766961828337,0,0
45,54,4.18965474202643,0,0.693147180559945
46,54,2.94443897916644,0,0.693147180559945
47,54,3.76120011569356,0,2.07944154167984
48,54,4.04305126783455,1.09861228866811,0.693147180559945
49,54,3.80666248977032,0.693147180559945,0.693147180559945
50,54,4.14313472639153,0,0.693147180559945
51,54,3.89182029811063,0,0.693147180559945
52,54,0,0,0
53,54,0,0,0
54,54,0,0,0
55,54,3.98898404656427,0.693147180559945,1.38629436111989
56,54,0,0,0
57,54,0,0,0
58,54,0,0,0
59,54,0,0,0
60,54,0,0,0
61,54,0,0,0
62,54,0,0,0
63,54,0,0,0
0,55,0,0,0
1,55,0,0,0
2,55,0,0,0
3,55,0,0,0
4,55,0,0,0
5,55,0,0,0
6,55,0,0,0
7,55,0,0,0
8,55,0,0,0
9,55,0,0,0
10,55,0,0,0
11,55,0,0,0
12,55,0,0,0
13,55,0,0,0
14,55,0,0,0
15,55,0,0,0
16,55,0,0,0
17,55,0,0,0
18,55,0,0,0
19,55,0,0,0
20,55,0,0,0
21,55,0,0,0
22,55,0,0,0
23,55,0,0,0
24,55,0,0,0
25,55,0,0,0
26,55,0,0,0
27,55,0,0,0
28,55,0,0,0
29,55,0,0,0
30,55,4.59511985013459,0,0
31,55,4.46590811865458,1.09861228866811,0
32,55,5.83773044716594,1.09861228866811,0
33,55,5.15905529921453,0,0
34,55,5.48479693349065,0,0
35,55,5.11198778835654,0,0
36,55,4.51085950651685,2.39789527279837,0
37,55,2.19722457733622,3.68887945411394,0
38,55,5.12989871492307,1.09861228866811,0
39,55,4.38202663467388,1.79175946922805,0
40,55,3.87120101090789,0,0
41,55,3.63758615972639,0,0.693147180559945
42,55,0,0,0
43,55,4.14313472639153,2.07944154167984,0.693147180559945
44,55,2.89037175789616,1.09861228866811,0
45,55,3.36729582998647,0,0.693147180559945
46,55,4.12713438504509,0,1.6094379124341
47,55,3.85014760171006,0.693147180559945,0.693147180559945
48,55,4.18965474202643,0,0.693147180559945
49,55,3.52636052461616,0,1.38629436111989
50,55,0,0,0
51,55,0,0,0
52,55,0,0,0
53,55,0,0,0
54,55,0,0,0
55,55,0,0,0
56,55,0,0,0
57,55,0,0,0
58,55,0,0,0
59,55,0,0,0
60,55,0,0,0
61,55,0,0,0
62,55,0,0,0
63,55,0,0,0
0,56,0,0,0
1,56,0,0,0
2,56,0,0,0
3,56,0,0,0
4,56,0,0,0
5,56,0,0,0
6,56,0,0,0
7,56,0,0,0
8,56,0,0,0
9,56,0,0,0
10,56,0,0,0
11,56,0,0,0
12,56,0,0,0
13,56,0,0,0
14,56,0,0,0
15,56,0,0,0
16,56,0,0,0
17,56,0,0,0
18,56,0,0,0
19,56,0,0,0
20,56,0,0,0
21,56,0,0,0
22,56,0,0,0
23,56,0,0,0
24,56,0,0,0
25,56,0,0,0
26,56,0,0,0
27,56,0,0,0
28,56,0,0,0
29,56,0,0,0
30,56,0,0,0
31,56,0,0,0
32,56,4.14313472639153,0,1.38629436111989
33,56,4.53259949315326,1.38629436111989,0
34,56,0,0,0
35,56,0,0,0
36,56,3.85014760171006,2.30258509299405,0
37,56,0,0,0
38,56,4.02535169073515,2.70805020110221,0
39,56,4.0943445622221,1.09861228866811,0.693147180559945
40,56,4.11087386417331,0,1.09861228866811
41,56,0,0,0
42,56,3.63758615972639,0,0.693147180559945
43,56,0,0,0
44,56,1.94591014905531,1.38629436111989,0.693147180559945
45,56,4.00733318523247,0.693147180559945,0.693147180559945
46,56,3.87120101090789,1.09861228866811,0.693147180559945
47,56,0,0,0
48,56,4.04305126783455,1.09861228866811,1.38629436111989
49,56,3.58351893845611,1.09861228866811,1.38629436111989
50,56,0,0,0
51,56,0,0,0
52,56,4.12713438504509,0.693147180559945,0.693147180559945
53,56,0,0,0
54,56,0,0,0
55,56,0,0,0
56,56,0,0,0
57,56,0,0,0
58,56,0,0,0
59,56,0,0,0
60,56,0,0,0
61,56,0,0,0
62,56,0,0,0
63,56,0,0,0
0,57,0,0,0
1,57,0,0,0
2,57,0,0,0
3,57,0,0,0
4,57,0,0,0
5,57,0,0,0
6,57,0,0,0
7,57,0,0,0
8,57,0,0,0
9,57,0,0,0
10,57,0,0,0
11,57,0,0,0
12,57,0,0,0
13,57,0,0,0
14,57,0,0,0
15,57,0,0,0
16,57,0,0,0
17,57,0,0,0
18,57,0,0,0
19,57,0,0,0
20,57,0,0,0
21,57,0,0,0
22,57,0,0,0
23,57,0,0,0
24,57,0,0,0
25,57,0,0,0
26,57,0,0,0
27,57,0,0,0
28,57,0,0,0
29,57,0,0,0
30,57,0,0,0
31,57,0,0,0
32,57,0,0,0
33,57,0,0,0
34,57,0,0,0
35,57,0,0,0
36,57,0,0,0
37,57,0,0,0
38,57,0,0,0
39,57,0,0,0
40,57,0,0,0
41,57,0,0,0
42,57,0,0,0
43,57,0,0,0
44,57,0,0,0
45,57,0,0,0
46,57,4.12713438504509,0.693147180559945,0.693147180559945
47,57,0,0,0
48,57,0,0,0
49,57,0,0,0
50,57,0,0,0
51,57,0,0,0
52,57,0,0,0
53,57,0,0,0
54,57,0,0,0
55,57,0,0,0
56,57,0,0,0
57,57,0,0,0
58,57,0,0,0
59,57,0,0,0
60,57,0,0,0
61,57,0,0,0
62,57,0,0,0
63,57,0,0,0
0,58,0,0,0
1,58,0,0,0
2,58,0,0,0
3,58,0,0,0
4,58,0,0,0
5,58,0,0,0
6,58,0,0,0
7,58,0,0,0
8,58,0,0,0
9,58,0,0,0
10,58,0,0,0
11,58,0,0,0
12,58,0,0,0
13,58,0,0,0
14,58,0,0,0
15,58,0,0,0
16,58,0,0,0
17,58,0,0,0
18,58,0,0,0
19,58,0,0,0
20,58,0,0,0
21,58,0,0,0
22,58,0,0,0
23,58,0,0,0
24,58,0,0,0
25,58,0,0,0
26,58,0,0,0
27,58,0,0,0
28,58,0,0,0
29,58,0,0,0
30,58,0,0,0
31,58,0,0,0
32,58,0,0,0
33,58,0,0,0
34,58,0,0,0
35,58,0,0,0
36,58,0,0,0
37,58,0,0,0
38,58,0,0,0
39,58,0,0,0
40,58,0,0,0
41,58,0,0,0
42,58,0,0,0
43,58,0,0,0
44,58,0,0,0
45,58,0,0,0
46,58,0,0,0
47,58,0,0,0
48,58,0,0,0
49,58,0,0,0
50,58,0,0,0
51,58,0,0,0
52,58,0,0,0
53,58,0,0,0
54,58,0,0,0
55,58,0,0,0
56,58,0,0,0
57,58,0,0,0
58,58,0,0,0
59,58,0,0,0
60,58,0,0,0
61,58,0,0,0
62,58,0,0,0
63,58,0,0,0
0,59,0,0,0
1,59,0,0,0
2,59,0,0,0
3,59,0,0,0
4,59,0,0,0
5,59,0,0,0
6,59,0,0,0
7,59,0,0,0
8,59,0,0,0
9,59,0,0,0
10,59,0,0,0
11,59,0,0,0
12,59,0,0,0
13,59,0,0,0
14,59,0,0,0
15,59,0,0,0
16,59,0,0,0
17,59,0,0,0
18,59,0,0,0
19,59,0,0,0
20,59,0,0,0
21,59,0,0,0
22,59,0,0,0
23,59,0,0,0
24,59,0,0,0
25,59,0,0,0
26,59,0,0,0
27,59,0,0,0
28,59,0,0,0
29,59,0,0,0
30,59,0,0,0
31,59,0,0,0
32,59,0,0,0
33,59,0,0,0
34,59,0,0,0
35,59,0,0,0
36,59,0,0,0
37,59,0,0,0
38,59,0,0,0
39,59,0,0,0
40,59,0,0,0
41,59,0,0,0
42,59,0,0,0
43,59,0,0,0
44,59,0,0,0
45,59,0,0,0
46,59,0,0,0
47,59,0,0,0
48,59,0,0,0
49,59,0,0,0
50,59,0,0,0
51,59,0,0,0
52,59,0,0,0
53,59,0,0,0
54,59,0,0,0
55,59,0,0,0
56,59,0,0,0
57,59,0,0,0
58,59,0,0,0
59,59,0,0,0
60,59,0,0,0
61,59,0,0,0
62,59,0,0,0
63,59,0,0,0
0,60,0,0,0
1,60,0,0,0
2,60,0,0,0
3,60,0,0,0
4,60,0,0,0
5,60,0,0,0
6,60,0,0,0
7,60,0,0,0
8,60,0,0,0
9,60,0,0,0
10,60,0,0,0
11,60,0,0,0
12,60,0,0,0
13,60,0,0,0
14,60,0,0,0
15,60,0,0,0
16,60,0,0,0
17,60,0,0,0
18,60,0,0,0
19,60,0,0,0
20,60,0,0,0
21,60,0,0,0
22,60,0,0,0
23,60,0,0,0
24,60,0,0,0
25,60,0,0,0
26,60,0,0,0
27,60,0,0,0
28,60,0,0,0
29,60,0,0,0
30,60,0,0,0
31,60,0,0,0
32,60,0,0,0
33,60,0,0,0
34,60,0,0,0
35,60,0,0,0
36,60,0,0,0
37,60,0,0,0
38,60,0,0,0
39,60,0,0,0
40,60,0,0,0
41,60,0,0,0
42,60,0,0,0
43,60,0,0,0
44,60,0,0,0
45,60,0,0,0
46,60,0,0,0
47,60,0,0,0
48,60,0,0,0
49,60,0,0,0
50,60,0,0,0
51,60,0,0,0
52,60,0,0,0
53,60,0,0,0
54,60,0,0,0
55,60,0,0,0
56,60,0,0,0
57,60,0,0,0
58,60,0,0,0
59,60,0,0,0
60,60,0,0,0
61,60,0,0,0
62,60,0,0,0
63,60,0,0,0
0,61,0,0,0
1,61,0,0,0
2,61,0,0,0
3,61,0,0,0
4,61,0,0,0
5,61,0,0,0
6,61,0,0,0
7,61,0,0,0
8,61,0,0,0
9,61,0,0,0
10,61,0,0,0
11,61,0,0,0
12,61,0,0,0
13,61,0,0,0
14,61,0,0,0
15,61,0,0,0
16,61,0,0,0
17,61,0,0,0
18,61,0,0,0
19,61,0,0,0
20,61,0,0,0
21,61,0,0,0
22,61,0,0,0
23,61,0,0,0
24,61,0,0,0
25,61,0,0,0
26,61,0,0,0
27,61,0,0,0
28,61,0,0,0
29,61,0,0,0
30,61,0,0,0
31,61,0,0,0
32,61,0,0,0
33,61,0,0,0
34,61,0,0,0
35,61,0,0,0
36,61,0,0,0
37,61,0,0,0
38,61,0,0,0
39,61,0,0,0
40,61,0,0,0
41,61,0,0,0
42,61,0,0,0
43,61,0,0,0
44,61,0,0,0
45,61,0,0,0
46,61,0,0,0
47,61,0,0,0
48,61,0,0,0
49,61,0,0,0
50,61,0,0,0
51,61,0,0,0
52,61,0,0,0
53,61,0,0,0
54,61,0,0,0
55,61,0,0,0
56,61,0,0,0
57,61,0,0,0
58,61,0,0,0
59,61,0,0,0
60,61,0,0,0
61,61,0,0,0
62,61,0,0,0
63,61,0,0,0
0,62,0,0,0
1,62,0,0,0
2,62,0,0,0
3,62,0,0,0
4,62,0,0,0
5,62,0,0,0
6,62,0,0,0
7,62,0,0,0
8,62,0,0,0
9,62,0,0,0
10,62,0,0,0
11,62,0,0,0
12,62,0,0,0
13,62,0,0,0
14,62,0,0,0
15,62,0,0,0
16,62,0,0,0
17,62,0,0,0
18,62,0,0,0
19,62,0,0,0
20,62,0,0,0
21,62,0,0,0
22,62,0,0,0
23,62,0,0,0
24,62,0,0,0
25,62,0,0,0
26,62,0,0,0
27,62,0,0,0
28,62,0,0,0
29,62,0,0,0
30,62,0,0,0
31,62,0,0,0
32,62,0,0,0
33,62,0,0,0
34,62,0,0,0
35,62,0,0,0
36,62,0,0,0
37,62,0,0,0
38,62,0,0,0
39,62,0,0,0
40,62,0,0,0
41,62,0,0,0
42,62,0,0,0
43,62,0,0,0
44,62,0,0,0
45,62,0,0,0
46,62,0,0,0
47,62,0,0,0
48,62,0,0,0
49,62,0,0,0
50,62,0,0,0
51,62,0,0,0
52,62,0,0,0
53,62,0,0,0
54,62,0,0,0
55,62,0,0,0
56,62,0,0,0
57,62,0,0,0
58,62,0,0,0
59,62,0,0,0
60,62,0,0,0
61,62,0,0,0
62,62,0,0,0
63,62,0,0,0
0,63,0,0,0
1,63,0,0,0
2,63,0,0,0
3,63,0,0,0
4,63,0,0,0
5,63,0,0,0
6,63,0,0,0
7,63,0,0,0
8,63,0,0,0
9,63,0,0,0
10,63,0,0,0
11,63,0,0,0
12,63,0,0,0
13,63,0,0,0
14,63,0,0,0
15,63,0,0,0
16,63,0,0,0
17,63,0,0,0
18,63,0,0,0
19,63,0,0,0
20,63,0,0,0
21,63,0,0,0
22,63,0,0,0
23,63,0,0,0
24,63,0,0,0
25,63,0,0,0
26,63,0,0,0
27,63,0,0,0
28,63,0,0,0
29,63,0,0,0
30,63,0,0,0
31,63,0,0,0
32,63,0,0,0
33,63,0,0,0
34,63,0,0,0
35,63,0,0,0
36,63,0,0,0
37,63,0,0,0
38,63,0,0,0
39,63,0,0,0
40,63,0,0,0
41,63,0,0,0
42,63,0,0,0
43,63,0,0,0
44,63,0,0,0
45,63,0,0,0
46,63,0,0,0
47,63,0,0,0
48,63,0,0,0
49,63,0,0,0
50,63,0,0,0
51,63,0,0,0
52,63,0,0,0
53,63,0,0,0
54,63,0,0,0
55,63,0,0,0
56,63,0,0,0
57,63,0,0,0
58,63,0,0,0
59,63,0,0,0
60,63,0,0,0
61,63,0,0,0
62,63,0,0,0
63,63,0,0,0
